{
  "times": [
    0,
    4,
    8,
    12,
    16,
    20,
    24,
    28,
    32,
    36,
    40,
    44,
    48,
    52,
    56,
    60,
    64,
    68,
    72,
    76,
    80,
    84,
    88,
    92,
    96,
    100,
    104,
    108,
    112,
    116,
    120,
    124
  ],
  "accuracies": [
    0.1005,
    0.2665,
    0.3125,
    0.4075,
    0.4625,
    0.4625,
    0.502,
    0.61,
    0.5995,
    0.63,
    0.621,
    0.654,
    0.6265,
    0.659,
    0.673,
    0.6665,
    0.673,
    0.674,
    0.679,
    0.6725,
    0.6865,
    0.6805,
    0.692,
    0.687,
    0.7065,
    0.696,
    0.684,
    0.7095,
    0.7075,
    0.689,
    0.7035,
    0.7035
  ],
  "wall_clock_durations": [
    47.5112509727478,
    47.29892325401306,
    48.75576090812683,
    53.13236594200134,
    53.697059869766235,
    55.6983437538147,
    54.5603768825531,
    54.220404863357544,
    53.886526107788086,
    55.95174765586853,
    54.86794137954712,
    59.982969999313354,
    60.04658007621765,
    58.428521394729614,
    54.91289305686951,
    57.71864056587219,
    58.85611009597778,
    59.092430114746094,
    54.6275680065155,
    54.37160801887512,
    55.96289348602295,
    58.297390937805176,
    58.68387460708618,
    56.17249345779419,
    55.79145312309265,
    56.19600963592529,
    58.77439618110657,
    57.357097148895264,
    63.749719858169556
  ]
}