{
  "times": [
    0,
    4,
    8,
    12,
    16,
    20,
    24,
    28,
    32,
    36,
    40,
    44,
    48,
    52,
    56,
    60,
    64,
    68,
    72,
    76,
    80,
    84,
    88,
    92,
    96,
    100,
    104,
    108,
    112,
    116,
    120,
    124
  ],
  "accuracies": [
    0.105,
    0.105,
    0.2185,
    0.3245,
    0.3245,
    0.1775,
    0.1775,
    0.1775,
    0.3395,
    0.345,
    0.345,
    0.4465,
    0.4465,
    0.4465,
    0.4685,
    0.4685,
    0.4685,
    0.509,
    0.347,
    0.347,
    0.3575,
    0.3575,
    0.3575,
    0.466,
    0.3695,
    0.3695,
    0.524,
    0.524,
    0.524,
    0.5375,
    0.5375,
    0.5375
  ],
  "wall_clock_durations": [
    21.46228337287903,
    6.284582138061523,
    0.5064961910247803,
    22.32398295402527,
    0.6121175289154053,
    0.48656797409057617,
    25.815165519714355,
    11.810343265533447,
    0.8066167831420898,
    23.598594665527344,
    0.6349818706512451,
    0.47400760650634766,
    21.250072240829468,
    0.5948235988616943,
    0.4615039825439453,
    20.577925443649292,
    5.754398345947266,
    0.49941182136535645,
    20.584525108337402,
    0.59149169921875,
    0.46859312057495117,
    20.39684247970581,
    4.784407615661621,
    0.4600033760070801,
    21.271066904067993,
    0.8695557117462158,
    0.7366514205932617,
    24.400214195251465,
    0.8246593475341797
  ]
}