{
  "times": [
    0,
    4,
    8,
    12,
    16,
    20,
    24,
    28,
    32,
    36,
    40,
    44,
    48,
    52,
    56,
    60,
    64,
    68,
    72,
    76,
    80,
    84,
    88,
    92,
    96,
    100,
    104,
    108,
    112,
    116,
    120,
    124
  ],
  "accuracies": [
    0.162,
    0.306,
    0.306,
    0.337,
    0.337,
    0.3065,
    0.332,
    0.332,
    0.3425,
    0.3425,
    0.3045,
    0.3535,
    0.3535,
    0.3475,
    0.3475,
    0.353,
    0.3555,
    0.3555,
    0.363,
    0.363,
    0.4415,
    0.3635,
    0.3635,
    0.3685,
    0.3685,
    0.3585,
    0.362,
    0.362,
    0.366,
    0.366,
    0.494,
    0.494
  ],
  "wall_clock_durations": [
    0.5086030960083008,
    7.952373743057251,
    0.8983287811279297,
    11.60062551498413,
    15.27462911605835,
    1.0379042625427246,
    12.396035194396973,
    0.7345738410949707,
    71.90961933135986,
    11.866998672485352,
    0.8949298858642578,
    11.154956579208374,
    1.0219776630401611,
    9.498429298400879,
    8.119645595550537,
    0.7032594680786133,
    9.492905378341675,
    0.9128713607788086,
    59.86639738082886,
    10.313946962356567,
    0.7764716148376465,
    10.469443321228027,
    0.7311360836029053,
    8.535739660263062,
    6.272131443023682,
    0.49730682373046875,
    6.434209823608398,
    0.7093534469604492,
    57.63996911048889
  ]
}