{
  "times": [
    0,
    4,
    8,
    12,
    16,
    20,
    24,
    28,
    32,
    36,
    40,
    44,
    48,
    52,
    56,
    60,
    64,
    68,
    72,
    76,
    80,
    84,
    88,
    92,
    96,
    100,
    104,
    108,
    112,
    116,
    120,
    124
  ],
  "accuracies": [
    0.1005,
    0.3175,
    0.1455,
    0.3405,
    0.325,
    0.178,
    0.2275,
    0.267,
    0.265,
    0.3575,
    0.3395,
    0.3305,
    0.333,
    0.359,
    0.349,
    0.359,
    0.3115,
    0.4825,
    0.331,
    0.3735,
    0.373,
    0.3555,
    0.4115,
    0.3625,
    0.366,
    0.312,
    0.349,
    0.52,
    0.4085,
    0.373,
    0.375,
    0.375
  ],
  "wall_clock_durations": [
    25.03451633453369,
    12.189040660858154,
    9.48242712020874,
    22.790416955947876,
    25.308255672454834,
    23.12749195098877,
    20.93227505683899,
    9.482361793518066,
    8.952221870422363,
    9.241574048995972,
    25.2728271484375,
    6.570850133895874,
    9.258240938186646,
    24.371750593185425,
    24.58965516090393,
    23.610790729522705,
    21.9581937789917,
    7.146628141403198,
    6.988357067108154,
    6.580326080322266,
    25.951250553131104,
    6.580806255340576,
    6.678087949752808,
    23.60642981529236,
    24.990982055664062,
    21.260291576385498,
    21.296353340148926,
    6.31110405921936,
    6.137168884277344
  ]
}