{
  "times": [
    0,
    4,
    8,
    12,
    16,
    20,
    24,
    28,
    32,
    36,
    40,
    44,
    48,
    52,
    56,
    60,
    64,
    68,
    72,
    76,
    80,
    84,
    88,
    92,
    96,
    100,
    104,
    108,
    112,
    116,
    120,
    124
  ],
  "accuracies": [
    0.115625,
    0.351875,
    0.25875,
    0.333125,
    0.344375,
    0.38,
    0.34,
    0.36875,
    0.295625,
    0.380625,
    0.348125,
    0.375625,
    0.493125,
    0.350625,
    0.423125,
    0.50375,
    0.35,
    0.3725,
    0.46875,
    0.49125,
    0.3775,
    0.38375,
    0.573125,
    0.345625,
    0.483125,
    0.581875,
    0.3475,
    0.3775,
    0.519375,
    0.5425,
    0.384375,
    0.384375
  ],
  "wall_clock_durations": [
    23.967660903930664,
    6.5540101528167725,
    20.056663036346436,
    19.93347144126892,
    7.040360927581787,
    6.331810474395752,
    23.995915174484253,
    22.700807571411133,
    7.077580213546753,
    6.291919231414795,
    25.61414122581482,
    5.830458641052246,
    22.259760856628418,
    21.918025255203247,
    7.783419370651245,
    6.619086980819702,
    21.964245557785034,
    20.26560688018799,
    6.343977928161621,
    5.342345714569092,
    22.60545015335083,
    5.4082605838775635,
    22.623071670532227,
    23.952704668045044,
    6.67387843132019,
    8.577094793319702,
    22.822569131851196,
    22.360338926315308,
    7.090819597244263
  ]
}