{
  "times": [
    0,
    4,
    8,
    12,
    16,
    20,
    24,
    28,
    32,
    36,
    40,
    44,
    48,
    52,
    56,
    60,
    64,
    68,
    72,
    76,
    80,
    84,
    88,
    92,
    96,
    100,
    104,
    108,
    112,
    116,
    120,
    124
  ],
  "accuracies": [
    0.149375,
    0.149375,
    0.149375,
    0.149375,
    0.149375,
    0.149375,
    0.328125,
    0.328125,
    0.328125,
    0.328125,
    0.328125,
    0.328125,
    0.33625,
    0.33625,
    0.33625,
    0.33625,
    0.33625,
    0.33625,
    0.33625,
    0.33625,
    0.33625,
    0.323125,
    0.323125,
    0.323125,
    0.323125,
    0.323125,
    0.323125,
    0.34375,
    0.34375,
    0.34375,
    0.34375,
    0.34375
  ],
  "wall_clock_durations": [
    0.394193172454834,
    0.44392943382263184,
    0.5647263526916504,
    0.579357385635376,
    6.761460781097412,
    0.5028219223022461,
    0.41309452056884766,
    0.4034414291381836,
    0.43108344078063965,
    0.48079991340637207,
    6.785703659057617,
    0.38738107681274414,
    0.3979628086090088,
    0.3747377395629883,
    0.343494176864624,
    0.3587000370025635,
    0.3950934410095215,
    0.3770883083343506,
    0.36507201194763184,
    6.040709495544434,
    0.3661360740661621,
    0.36264777183532715,
    0.41569948196411133,
    0.37806177139282227,
    0.4072606563568115,
    7.207988262176514,
    0.5825591087341309,
    0.41088175773620605,
    0.45717477798461914
  ]
}