{
  "times": [
    0,
    4,
    8,
    12,
    16,
    20,
    24,
    28,
    32,
    36,
    40,
    44,
    48,
    52,
    56,
    60,
    64,
    68,
    72,
    76,
    80,
    84,
    88,
    92,
    96,
    100,
    104,
    108,
    112,
    116,
    120,
    124
  ],
  "accuracies": [
    0.07,
    0.150625,
    0.150625,
    0.150625,
    0.150625,
    0.150625,
    0.150625,
    0.150625,
    0.319375,
    0.35875,
    0.31,
    0.1525,
    0.1525,
    0.1525,
    0.1525,
    0.1525,
    0.1525,
    0.1525,
    0.3525,
    0.363125,
    0.345625,
    0.194375,
    0.194375,
    0.194375,
    0.194375,
    0.194375,
    0.194375,
    0.194375,
    0.369375,
    0.374375,
    0.335625,
    0.335625
  ],
  "wall_clock_durations": [
    0.5528120994567871,
    0.4635782241821289,
    0.469146728515625,
    0.4561960697174072,
    0.9078636169433594,
    0.6957399845123291,
    7.141377925872803,
    6.718815803527832,
    8.11971926689148,
    21.632484912872314,
    0.39715099334716797,
    0.35304784774780273,
    0.3821077346801758,
    0.3759794235229492,
    0.3527073860168457,
    0.42977285385131836,
    6.2746803760528564,
    5.789993047714233,
    7.446277618408203,
    23.477871656417847,
    0.5294079780578613,
    0.46960020065307617,
    0.40741682052612305,
    0.3940558433532715,
    0.4973416328430176,
    0.42508482933044434,
    6.982100009918213,
    5.437912225723267,
    6.598630905151367
  ]
}