{
  "times": [
    0,
    4,
    8,
    12,
    16,
    20,
    24,
    28,
    32,
    36,
    40,
    44,
    48,
    52,
    56,
    60,
    64,
    68,
    72,
    76,
    80,
    84,
    88,
    92,
    96,
    100,
    104,
    108,
    112,
    116,
    120,
    124
  ],
  "accuracies": [
    0.096875,
    0.138125,
    0.216875,
    0.41875,
    0.2125,
    0.416875,
    0.4825,
    0.33375,
    0.48375,
    0.314375,
    0.539375,
    0.5825,
    0.411875,
    0.563125,
    0.43,
    0.594375,
    0.616875,
    0.46375,
    0.575,
    0.471875,
    0.61625,
    0.639375,
    0.5125,
    0.57,
    0.473125,
    0.630625,
    0.6725,
    0.5975,
    0.63875,
    0.490625,
    0.644375,
    0.644375
  ],
  "wall_clock_durations": [
    35.80550456047058,
    48.316930294036865,
    34.38387703895569,
    45.31786608695984,
    45.92712330818176,
    33.999401330947876,
    43.726632833480835,
    32.48782300949097,
    43.68278646469116,
    42.485353231430054,
    33.40755271911621,
    44.60266971588135,
    33.39457178115845,
    43.35835886001587,
    42.6823947429657,
    31.940813541412354,
    43.007073640823364,
    32.47361350059509,
    42.66269850730896,
    42.341556787490845,
    32.441898345947266,
    44.62379288673401,
    33.119189977645874,
    42.94561314582825,
    42.426944732666016,
    32.24255132675171,
    43.24149227142334,
    33.13404655456543,
    44.15127921104431
  ]
}