{
  "times": [
    0,
    4,
    8,
    12,
    16,
    20,
    24,
    28,
    32,
    36,
    40,
    44,
    48,
    52,
    56,
    60,
    64,
    68,
    72,
    76,
    80,
    84,
    88,
    92,
    96,
    100,
    104,
    108,
    112,
    116,
    120,
    124
  ],
  "accuracies": [
    0.096,
    0.19,
    0.2615,
    0.289,
    0.323,
    0.347,
    0.32,
    0.346,
    0.3235,
    0.375,
    0.3435,
    0.366,
    0.421,
    0.4045,
    0.4235,
    0.417,
    0.4815,
    0.453,
    0.4495,
    0.452,
    0.4715,
    0.5445,
    0.488,
    0.5125,
    0.5015,
    0.508,
    0.544,
    0.506,
    0.45,
    0.4805,
    0.5095,
    0.5095
  ],
  "wall_clock_durations": [
    34.22612643241882,
    33.555702924728394,
    37.75945734977722,
    33.628692388534546,
    30.83573579788208,
    33.41197633743286,
    33.13927483558655,
    35.92723894119263,
    35.00421142578125,
    35.81202268600464,
    35.93523669242859,
    37.41564226150513,
    37.64935374259949,
    38.3240864276886,
    34.75497841835022,
    33.10621762275696,
    36.247668981552124,
    37.24033045768738,
    33.7524619102478,
    31.60118556022644,
    31.519120454788208,
    37.36530876159668,
    35.36293816566467,
    35.26807379722595,
    35.75453209877014,
    35.17682671546936,
    35.004992961883545,
    36.634257793426514,
    35.60880970954895
  ]
}