{
  "times": [
    0,
    4,
    8,
    12,
    16,
    20,
    24,
    28,
    32,
    36,
    40,
    44,
    48,
    52,
    56,
    60,
    64,
    68,
    72,
    76,
    80,
    84,
    88,
    92,
    96,
    100,
    104,
    108,
    112,
    116,
    120,
    124
  ],
  "accuracies": [
    0.08375,
    0.3075,
    0.42,
    0.465625,
    0.5525,
    0.59625,
    0.60125,
    0.620625,
    0.62375,
    0.633125,
    0.59625,
    0.66,
    0.643125,
    0.64625,
    0.653125,
    0.655625,
    0.635625,
    0.673125,
    0.6675,
    0.674375,
    0.663125,
    0.681875,
    0.67625,
    0.67625,
    0.645625,
    0.6925,
    0.683125,
    0.65625,
    0.674375,
    0.67,
    0.691875,
    0.691875
  ],
  "wall_clock_durations": [
    49.95798063278198,
    47.54378366470337,
    47.63008189201355,
    55.70575404167175,
    54.302629709243774,
    55.516679525375366,
    56.57582950592041,
    55.4880690574646,
    52.44144105911255,
    53.11708354949951,
    52.94790315628052,
    55.83978223800659,
    54.09311509132385,
    52.323771953582764,
    54.42602229118347,
    54.617087841033936,
    56.34312057495117,
    53.169867753982544,
    52.25726890563965,
    53.5928213596344,
    53.632206201553345,
    56.58788061141968,
    54.30904245376587,
    57.39769911766052,
    53.82191324234009,
    56.451316118240356,
    53.32506251335144,
    54.67529797554016,
    56.38338804244995
  ]
}