{
  "times": [
    0,
    4,
    8,
    12,
    16,
    20,
    24,
    28,
    32,
    36,
    40,
    44,
    48,
    52,
    56,
    60,
    64,
    68,
    72,
    76,
    80,
    84,
    88,
    92,
    96,
    100,
    104,
    108,
    112,
    116,
    120,
    124
  ],
  "accuracies": [
    0.114,
    0.114,
    0.3365,
    0.3365,
    0.1945,
    0.349,
    0.4235,
    0.4235,
    0.362,
    0.3705,
    0.3705,
    0.3705,
    0.374,
    0.374,
    0.1025,
    0.363,
    0.3705,
    0.3705,
    0.373,
    0.3725,
    0.3725,
    0.3725,
    0.3755,
    0.3755,
    0.195,
    0.3705,
    0.4205,
    0.4205,
    0.3735,
    0.3755,
    0.3755,
    0.3755
  ],
  "wall_clock_durations": [
    6.308310270309448,
    0.8373215198516846,
    27.11726474761963,
    9.060003995895386,
    24.03454041481018,
    0.6992197036743164,
    8.520703315734863,
    11.56212043762207,
    0.868584394454956,
    0.7832131385803223,
    11.27756929397583,
    0.9489271640777588,
    28.00815773010254,
    9.087169885635376,
    21.93821668624878,
    0.6623587608337402,
    5.067195415496826,
    5.393606662750244,
    0.6435365676879883,
    0.5473179817199707,
    5.26087498664856,
    0.47728395462036133,
    23.754053354263306,
    5.508943319320679,
    20.337237119674683,
    0.626061201095581,
    4.928768634796143,
    4.532532691955566,
    0.45562195777893066
  ]
}