{
  "times": [
    0,
    4,
    8,
    12,
    16,
    20,
    24,
    28,
    32,
    36,
    40,
    44,
    48,
    52,
    56,
    60,
    64,
    68,
    72,
    76,
    80,
    84,
    88,
    92,
    96,
    100,
    104,
    108,
    112,
    116,
    120,
    124
  ],
  "accuracies": [
    0.1425,
    0.329375,
    0.359375,
    0.359375,
    0.358125,
    0.358125,
    0.32125,
    0.373125,
    0.37,
    0.371875,
    0.308125,
    0.343125,
    0.37875,
    0.37125,
    0.38,
    0.38,
    0.345625,
    0.3775,
    0.373125,
    0.36875,
    0.315625,
    0.339375,
    0.379375,
    0.376875,
    0.366875,
    0.366875,
    0.33875,
    0.38,
    0.38,
    0.38125,
    0.33625,
    0.33625
  ],
  "wall_clock_durations": [
    8.28556513786316,
    7.063114166259766,
    7.949969291687012,
    0.5911152362823486,
    5.673533916473389,
    5.881184101104736,
    6.418602705001831,
    8.00510573387146,
    60.239609718322754,
    6.041163444519043,
    5.688372373580933,
    5.890701532363892,
    7.482096910476685,
    0.603116512298584,
    6.173696994781494,
    6.166999816894531,
    6.135422945022583,
    8.564852237701416,
    59.639689445495605,
    6.121031999588013,
    5.242701292037964,
    4.711418151855469,
    5.4530980587005615,
    0.47533702850341797,
    7.2634477615356445,
    5.591955661773682,
    5.743976354598999,
    5.788548946380615,
    56.57092881202698
  ]
}