{
  "times": [
    0,
    4,
    8,
    12,
    16,
    20,
    24,
    28,
    32,
    36,
    40,
    44,
    48,
    52,
    56,
    60,
    64,
    68,
    72,
    76,
    80,
    84,
    88,
    92,
    96,
    100,
    104,
    108,
    112,
    116,
    120,
    124
  ],
  "accuracies": [
    0.1155,
    0.2185,
    0.31,
    0.2835,
    0.166,
    0.35,
    0.2755,
    0.3915,
    0.4085,
    0.3965,
    0.3865,
    0.397,
    0.462,
    0.489,
    0.4905,
    0.464,
    0.4965,
    0.5815,
    0.4965,
    0.4085,
    0.447,
    0.4755,
    0.5055,
    0.597,
    0.493,
    0.4235,
    0.536,
    0.521,
    0.5215,
    0.4685,
    0.5445,
    0.5445
  ],
  "wall_clock_durations": [
    33.35977029800415,
    35.551772594451904,
    37.642444372177124,
    31.028892755508423,
    31.23963212966919,
    29.534191846847534,
    37.938640117645264,
    41.04484486579895,
    34.76409077644348,
    34.90049386024475,
    31.7176833152771,
    34.24984383583069,
    35.53816533088684,
    35.06607222557068,
    34.26103162765503,
    32.956501483917236,
    34.1334593296051,
    35.99961733818054,
    32.719897508621216,
    32.714871644973755,
    30.157586812973022,
    31.71836543083191,
    35.88136959075928,
    33.964738845825195,
    32.5312385559082,
    31.207403659820557,
    32.49588346481323,
    33.39084053039551,
    29.65238666534424
  ]
}