{
  "times": [
    0,
    4,
    8,
    12,
    16,
    20,
    24,
    28,
    32,
    36,
    40,
    44,
    48,
    52,
    56,
    60,
    64,
    68,
    72,
    76,
    80,
    84,
    88,
    92,
    96,
    100,
    104,
    108,
    112,
    116,
    120,
    124
  ],
  "accuracies": [
    0.101,
    0.125,
    0.1085,
    0.163,
    0.179,
    0.1635,
    0.197,
    0.2515,
    0.2825,
    0.1995,
    0.353,
    0.1935,
    0.2505,
    0.318,
    0.3305,
    0.202,
    0.218,
    0.3205,
    0.2995,
    0.1235,
    0.3075,
    0.169,
    0.2865,
    0.255,
    0.3025,
    0.2535,
    0.2635,
    0.294,
    0.261,
    0.2565,
    0.3835,
    0.3835
  ],
  "wall_clock_durations": [
    20.02467393875122,
    5.837116718292236,
    6.590695142745972,
    21.27660846710205,
    22.729551792144775,
    20.890186071395874,
    21.373929023742676,
    24.3048574924469,
    22.941516160964966,
    21.127131462097168,
    21.792449474334717,
    6.568170785903931,
    6.25170111656189,
    19.868345022201538,
    21.195112228393555,
    19.324658155441284,
    18.439423322677612,
    20.618006944656372,
    19.345520734786987,
    18.84571933746338,
    20.047929286956787,
    5.495355606079102,
    5.435263633728027,
    19.100234746932983,
    21.312607049942017,
    19.272918939590454,
    19.277892589569092,
    20.797940969467163,
    19.278647422790527
  ]
}