{
  "times": [
    0,
    4,
    8,
    12,
    16,
    20,
    24,
    28,
    32,
    36,
    40,
    44,
    48,
    52,
    56,
    60,
    64,
    68,
    72,
    76,
    80,
    84,
    88,
    92,
    96,
    100,
    104,
    108,
    112,
    116,
    120,
    124
  ],
  "accuracies": [
    0.099375,
    0.308125,
    0.08875,
    0.22625,
    0.30375,
    0.186875,
    0.22375,
    0.273125,
    0.27125,
    0.26125,
    0.28625,
    0.310625,
    0.305625,
    0.260625,
    0.399375,
    0.195625,
    0.23125,
    0.21,
    0.235,
    0.2675,
    0.26,
    0.3125,
    0.320625,
    0.28375,
    0.325625,
    0.235,
    0.278125,
    0.326875,
    0.26,
    0.23375,
    0.265625,
    0.265625
  ],
  "wall_clock_durations": [
    20.162739515304565,
    5.747664928436279,
    4.847761631011963,
    33.49657344818115,
    5.823673963546753,
    19.703620433807373,
    5.756491422653198,
    20.028059482574463,
    5.96195387840271,
    5.013875961303711,
    19.823784112930298,
    5.858572483062744,
    5.329421758651733,
    32.09232568740845,
    6.730554580688477,
    19.961208820343018,
    7.138322591781616,
    19.74364972114563,
    6.392537593841553,
    5.891613960266113,
    19.69955611228943,
    6.8785929679870605,
    5.565202951431274,
    32.550344467163086,
    6.794384241104126,
    20.640096187591553,
    6.957780361175537,
    19.42545199394226,
    6.559473276138306
  ]
}