{
  "times": [
    0,
    4,
    8,
    12,
    16,
    20,
    24,
    28,
    32,
    36,
    40,
    44,
    48,
    52,
    56,
    60,
    64,
    68,
    72,
    76,
    80,
    84,
    88,
    92,
    96,
    100,
    104,
    108,
    112,
    116,
    120,
    124
  ],
  "accuracies": [
    0.098,
    0.143,
    0.3255,
    0.294,
    0.238,
    0.2295,
    0.262,
    0.2665,
    0.124,
    0.2605,
    0.204,
    0.153,
    0.2435,
    0.2865,
    0.2515,
    0.2975,
    0.3125,
    0.2475,
    0.26,
    0.3105,
    0.3215,
    0.1815,
    0.296,
    0.1275,
    0.104,
    0.1165,
    0.164,
    0.1005,
    0.1085,
    0.1145,
    0.111,
    0.111
  ],
  "wall_clock_durations": [
    5.002429485321045,
    6.176278591156006,
    6.92163872718811,
    6.624495506286621,
    6.677224159240723,
    8.572601318359375,
    23.633012294769287,
    22.5583279132843,
    24.22875690460205,
    23.15176773071289,
    5.921123266220093,
    6.212351083755493,
    6.884914398193359,
    6.451951503753662,
    6.8121912479400635,
    9.502172708511353,
    22.1819109916687,
    20.43707513809204,
    25.134888172149658,
    21.65562415122986,
    5.3126747608184814,
    5.478972673416138,
    5.671096086502075,
    5.260843515396118,
    5.591913938522339,
    5.973487615585327,
    19.27955389022827,
    19.59046697616577,
    21.277238607406616
  ]
}