{
  "times": [
    0,
    4,
    8,
    12,
    16,
    20,
    24,
    28,
    32,
    36,
    40,
    44,
    48,
    52,
    56,
    60,
    64,
    68,
    72,
    76,
    80,
    84,
    88,
    92,
    96,
    100,
    104,
    108,
    112,
    116,
    120,
    124
  ],
  "accuracies": [
    0.106875,
    0.113125,
    0.131875,
    0.263125,
    0.331875,
    0.358125,
    0.42875,
    0.408125,
    0.456875,
    0.363125,
    0.3375,
    0.48875,
    0.4775,
    0.39,
    0.475,
    0.473125,
    0.46125,
    0.50375,
    0.53,
    0.474375,
    0.536875,
    0.526875,
    0.5,
    0.506875,
    0.550625,
    0.528125,
    0.50375,
    0.483125,
    0.498125,
    0.500625,
    0.465625,
    0.465625
  ],
  "wall_clock_durations": [
    49.42064571380615,
    47.040040016174316,
    49.61143112182617,
    52.862319469451904,
    52.52189826965332,
    54.98987364768982,
    53.47261881828308,
    56.857691526412964,
    56.99997806549072,
    58.80725860595703,
    56.31640887260437,
    59.43548631668091,
    56.30218434333801,
    64.10549592971802,
    56.79187893867493,
    54.96314740180969,
    55.60082125663757,
    55.33296322822571,
    61.11299967765808,
    59.40708684921265,
    61.747758626937866,
    61.13212990760803,
    59.36622929573059,
    59.27302384376526,
    51.350396394729614,
    60.98823666572571,
    67.14170932769775,
    58.87588119506836,
    55.036705493927
  ]
}