{
  "times": [
    0,
    4,
    8,
    12,
    16,
    20,
    24,
    28,
    32,
    36,
    40,
    44,
    48,
    52,
    56,
    60,
    64,
    68,
    72,
    76,
    80,
    84,
    88,
    92,
    96,
    100,
    104,
    108,
    112,
    116,
    120,
    124
  ],
  "accuracies": [
    0.0775,
    0.289375,
    0.289375,
    0.289375,
    0.229375,
    0.229375,
    0.229375,
    0.09875,
    0.1,
    0.1,
    0.1,
    0.240625,
    0.240625,
    0.240625,
    0.20125,
    0.20125,
    0.20125,
    0.2175,
    0.1625,
    0.1625,
    0.1625,
    0.23625,
    0.23625,
    0.23625,
    0.24,
    0.24,
    0.24,
    0.20875,
    0.1475,
    0.1475,
    0.1475,
    0.1475
  ],
  "wall_clock_durations": [
    0.5370941162109375,
    0.3887505531311035,
    6.754616975784302,
    0.5025722980499268,
    0.5040502548217773,
    6.821404933929443,
    20.722081661224365,
    0.44037818908691406,
    0.5325839519500732,
    5.567683219909668,
    0.3380155563354492,
    0.5026147365570068,
    6.384359359741211,
    0.559847354888916,
    0.3578367233276367,
    6.431803226470947,
    19.781250476837158,
    0.4204103946685791,
    0.5181581974029541,
    5.724093914031982,
    0.460892915725708,
    0.3952443599700928,
    6.562543869018555,
    0.4027252197265625,
    0.37166714668273926,
    6.522378206253052,
    19.9413321018219,
    0.45804762840270996,
    0.3770582675933838
  ]
}