{
  "times": [
    0,
    4,
    8,
    12,
    16,
    20,
    24,
    28,
    32,
    36,
    40,
    44,
    48,
    52,
    56,
    60,
    64,
    68,
    72,
    76,
    80,
    84,
    88,
    92,
    96,
    100,
    104,
    108,
    112,
    116,
    120,
    124
  ],
  "accuracies": [
    0.1185,
    0.1185,
    0.1185,
    0.2005,
    0.2005,
    0.2005,
    0.219,
    0.219,
    0.219,
    0.219,
    0.219,
    0.219,
    0.219,
    0.219,
    0.219,
    0.219,
    0.219,
    0.219,
    0.203,
    0.203,
    0.203,
    0.221,
    0.221,
    0.221,
    0.221,
    0.221,
    0.221,
    0.221,
    0.221,
    0.221,
    0.221,
    0.221
  ],
  "wall_clock_durations": [
    0.6107306480407715,
    6.448840856552124,
    0.5461771488189697,
    0.4201548099517822,
    6.508893728256226,
    0.6602261066436768,
    0.4915599822998047,
    0.476900577545166,
    0.5048644542694092,
    0.5270295143127441,
    0.6025843620300293,
    0.4753243923187256,
    0.5131504535675049,
    0.4771409034729004,
    0.5888617038726807,
    0.4654223918914795,
    6.221312046051025,
    0.6381735801696777,
    0.5174746513366699,
    6.068197727203369,
    0.5300807952880859,
    0.5143177509307861,
    0.6028456687927246,
    0.4442305564880371,
    0.5021274089813232,
    0.472365140914917,
    0.4810914993286133,
    0.4951517581939697,
    0.4922826290130615
  ]
}