{
  "times": [
    0,
    4,
    8,
    12,
    16,
    20,
    24,
    28,
    32,
    36,
    40,
    44,
    48,
    52,
    56,
    60,
    64,
    68,
    72,
    76,
    80,
    84,
    88,
    92,
    96,
    100,
    104,
    108,
    112,
    116,
    120,
    124
  ],
  "accuracies": [
    0.11875,
    0.11875,
    0.11875,
    0.11875,
    0.11875,
    0.11875,
    0.29875,
    0.29875,
    0.29875,
    0.29875,
    0.29875,
    0.29875,
    0.235625,
    0.235625,
    0.235625,
    0.235625,
    0.235625,
    0.235625,
    0.235625,
    0.235625,
    0.235625,
    0.2675,
    0.2675,
    0.2675,
    0.2675,
    0.2675,
    0.2675,
    0.21625,
    0.21625,
    0.21625,
    0.21625,
    0.21625
  ],
  "wall_clock_durations": [
    0.46734619140625,
    0.35864853858947754,
    0.33783793449401855,
    0.3404672145843506,
    5.930075168609619,
    0.3687279224395752,
    0.46286869049072266,
    0.4208967685699463,
    0.3503224849700928,
    0.39173460006713867,
    6.67998480796814,
    0.38959169387817383,
    0.36164426803588867,
    0.5092906951904297,
    0.3437941074371338,
    0.3510432243347168,
    0.35178565979003906,
    0.3944737911224365,
    0.41567444801330566,
    5.450782775878906,
    0.3893606662750244,
    0.4745945930480957,
    0.42707371711730957,
    0.3317885398864746,
    0.3419668674468994,
    6.289713382720947,
    0.41230273246765137,
    0.3701817989349365,
    0.46903324127197266
  ]
}