{
  "times": [
    0,
    4,
    8,
    12,
    16,
    20,
    24,
    28,
    32,
    36,
    40,
    44,
    48,
    52,
    56,
    60,
    64,
    68,
    72,
    76,
    80,
    84,
    88,
    92,
    96,
    100,
    104,
    108,
    112,
    116,
    120,
    124
  ],
  "accuracies": [
    0.1,
    0.183,
    0.216,
    0.29,
    0.3745,
    0.4015,
    0.486,
    0.4865,
    0.4055,
    0.393,
    0.4835,
    0.471,
    0.5195,
    0.5025,
    0.464,
    0.498,
    0.435,
    0.523,
    0.52,
    0.5485,
    0.5215,
    0.551,
    0.4725,
    0.5395,
    0.5515,
    0.595,
    0.521,
    0.5965,
    0.5865,
    0.595,
    0.5865,
    0.5865
  ],
  "wall_clock_durations": [
    48.56524658203125,
    49.400367736816406,
    46.6669065952301,
    48.149341344833374,
    49.72250175476074,
    50.254796266555786,
    50.03761124610901,
    50.02924418449402,
    49.88600945472717,
    51.505500078201294,
    50.19518518447876,
    50.96482825279236,
    51.842023611068726,
    54.45675778388977,
    52.92801761627197,
    50.662604331970215,
    51.44462180137634,
    50.83732485771179,
    50.66554927825928,
    51.13497233390808,
    50.571003675460815,
    50.62956881523132,
    50.751364946365356,
    50.79346442222595,
    50.99431371688843,
    51.719491481781006,
    49.46494174003601,
    49.32518815994263,
    50.67673969268799
  ]
}