{
  "times": [
    0,
    4,
    8,
    12,
    16,
    20,
    24,
    28,
    32,
    36,
    40,
    44,
    48,
    52,
    56,
    60,
    64,
    68,
    72,
    76,
    80,
    84,
    88,
    92,
    96,
    100,
    104,
    108,
    112,
    116,
    120,
    124
  ],
  "accuracies": [
    0.033,
    0.2235,
    0.2485,
    0.2405,
    0.2715,
    0.266,
    0.2765,
    0.196,
    0.236,
    0.303,
    0.1585,
    0.251,
    0.232,
    0.2725,
    0.2675,
    0.23,
    0.2465,
    0.196,
    0.1865,
    0.258,
    0.1895,
    0.2515,
    0.237,
    0.272,
    0.2865,
    0.223,
    0.236,
    0.2225,
    0.281,
    0.2945,
    0.199,
    0.199
  ],
  "wall_clock_durations": [
    5.305463075637817,
    6.1315226554870605,
    6.011919260025024,
    6.031713485717773,
    6.526467800140381,
    5.666373252868652,
    5.723737001419067,
    5.618325233459473,
    54.89613103866577,
    6.042923212051392,
    4.9150567054748535,
    5.660076141357422,
    5.2763144969940186,
    5.741568565368652,
    6.419469118118286,
    4.998683929443359,
    5.728417158126831,
    5.6721954345703125,
    51.970256328582764,
    5.907164573669434,
    4.985378265380859,
    5.525179624557495,
    5.480557918548584,
    5.6513447761535645,
    9.027975082397461,
    5.741823673248291,
    5.752196788787842,
    5.616055965423584,
    53.77491331100464
  ]
}