{
  "times": [
    0,
    4,
    8,
    12,
    16,
    20,
    24,
    28,
    32,
    36,
    40,
    44,
    48,
    52,
    56,
    60,
    64,
    68,
    72,
    76,
    80,
    84,
    88,
    92,
    96,
    100,
    104,
    108,
    112,
    116,
    120,
    124
  ],
  "accuracies": [
    0.131875,
    0.131875,
    0.25,
    0.25,
    0.11875,
    0.190625,
    0.190625,
    0.25625,
    0.25625,
    0.215625,
    0.2025,
    0.2025,
    0.22125,
    0.22125,
    0.228125,
    0.2675,
    0.2675,
    0.175,
    0.175,
    0.25,
    0.375625,
    0.375625,
    0.26,
    0.26,
    0.273125,
    0.27375,
    0.27375,
    0.201875,
    0.201875,
    0.27875,
    0.329375,
    0.329375
  ],
  "wall_clock_durations": [
    18.96678137779236,
    0.4562418460845947,
    7.18780517578125,
    7.407819509506226,
    0.6019959449768066,
    18.70756196975708,
    0.5779626369476318,
    6.570049047470093,
    50.483062744140625,
    0.42261576652526855,
    19.146366357803345,
    0.49201440811157227,
    6.50994086265564,
    6.396805286407471,
    0.4248180389404297,
    18.50795269012451,
    0.4008216857910156,
    6.390241622924805,
    49.05257248878479,
    0.42490410804748535,
    18.989213228225708,
    0.5265460014343262,
    6.2803802490234375,
    6.206901788711548,
    0.4643580913543701,
    18.41609764099121,
    0.4231276512145996,
    6.471540927886963,
    49.15035367012024
  ]
}