{
  "times": [
    0,
    4,
    8,
    12,
    16,
    20,
    24,
    28,
    32,
    36,
    40,
    44,
    48,
    52,
    56,
    60,
    64,
    68,
    72,
    76,
    80,
    84,
    88,
    92,
    96,
    100,
    104,
    108,
    112,
    116,
    120,
    124
  ],
  "accuracies": [
    0.10125,
    0.220625,
    0.100625,
    0.120625,
    0.106875,
    0.158125,
    0.276875,
    0.37375,
    0.243125,
    0.215625,
    0.3125,
    0.315625,
    0.41,
    0.335625,
    0.37125,
    0.378125,
    0.388125,
    0.356875,
    0.43875,
    0.3925,
    0.360625,
    0.413125,
    0.426875,
    0.453125,
    0.4075,
    0.411875,
    0.46875,
    0.450625,
    0.41,
    0.450625,
    0.445,
    0.445
  ],
  "wall_clock_durations": [
    32.63023662567139,
    43.34118866920471,
    37.815882205963135,
    33.58259057998657,
    30.655224084854126,
    29.92892360687256,
    31.88303542137146,
    32.8411660194397,
    31.736594915390015,
    29.736225128173828,
    29.66610813140869,
    34.45744037628174,
    34.936630725860596,
    33.38220143318176,
    30.401042938232422,
    29.716909170150757,
    31.2891628742218,
    32.77795386314392,
    31.253547430038452,
    28.559479475021362,
    29.288230657577515,
    31.28625750541687,
    32.61858129501343,
    31.768115758895874,
    29.443975687026978,
    29.20985221862793,
    31.67069721221924,
    32.42463564872742,
    31.341811656951904
  ]
}