{
  "times": [
    0,
    4,
    8,
    12,
    16,
    20,
    24,
    28,
    32,
    36,
    40,
    44,
    48,
    52,
    56,
    60,
    64,
    68,
    72,
    76,
    80,
    84,
    88,
    92,
    96,
    100,
    104,
    108,
    112,
    116,
    120,
    124
  ],
  "accuracies": [
    0.132,
    0.2995,
    0.24,
    0.342,
    0.3715,
    0.305,
    0.36,
    0.3325,
    0.375,
    0.4825,
    0.3705,
    0.3415,
    0.453,
    0.3605,
    0.4355,
    0.3695,
    0.3755,
    0.3315,
    0.49,
    0.44,
    0.37,
    0.3515,
    0.5675,
    0.3695,
    0.5115,
    0.4615,
    0.3785,
    0.345,
    0.5065,
    0.473,
    0.3745,
    0.3745
  ],
  "wall_clock_durations": [
    19.40097975730896,
    6.795694828033447,
    20.766103506088257,
    20.57536554336548,
    7.672177076339722,
    6.844290018081665,
    20.462193965911865,
    21.80564260482788,
    5.610353708267212,
    6.094621419906616,
    20.77282452583313,
    6.698561906814575,
    23.189550638198853,
    20.377156257629395,
    6.347963333129883,
    6.172277450561523,
    21.690240383148193,
    20.817340850830078,
    6.683645725250244,
    6.9271509647369385,
    20.1746723651886,
    6.524082899093628,
    23.296707153320312,
    22.56513476371765,
    7.348966360092163,
    6.341438055038452,
    21.866360664367676,
    22.37363862991333,
    6.886249780654907
  ]
}