{
  "times": [
    0,
    4,
    8,
    12,
    16,
    20,
    24,
    28,
    32,
    36,
    40,
    44,
    48,
    52,
    56,
    60,
    64,
    68,
    72,
    76,
    80,
    84,
    88,
    92,
    96,
    100,
    104,
    108,
    112,
    116,
    120,
    124
  ],
  "accuracies": [
    0.1025,
    0.1025,
    0.1655,
    0.1655,
    0.1655,
    0.1655,
    0.316,
    0.3305,
    0.3305,
    0.3305,
    0.3475,
    0.3475,
    0.412,
    0.412,
    0.412,
    0.412,
    0.3305,
    0.351,
    0.351,
    0.351,
    0.3555,
    0.3555,
    0.44,
    0.44,
    0.44,
    0.44,
    0.3335,
    0.352,
    0.352,
    0.352,
    0.3705,
    0.3705
  ],
  "wall_clock_durations": [
    23.426803827285767,
    0.8274178504943848,
    0.6999759674072266,
    0.728074312210083,
    8.45775055885315,
    8.350783109664917,
    0.7585532665252686,
    0.6726913452148438,
    8.225611209869385,
    1.042696475982666,
    22.244447946548462,
    0.6258277893066406,
    0.5596823692321777,
    0.5603597164154053,
    8.260173320770264,
    11.00295901298523,
    0.808502197265625,
    0.7813205718994141,
    11.579977035522461,
    1.1214470863342285,
    22.16388750076294,
    0.6777408123016357,
    0.5504205226898193,
    0.5442087650299072,
    6.087436676025391,
    6.864182233810425,
    0.5230896472930908,
    0.5222654342651367,
    8.418421030044556
  ]
}