{
  "times": [
    0,
    4,
    8,
    12,
    16,
    20,
    24,
    28,
    32,
    36,
    40,
    44,
    48,
    52,
    56,
    60,
    64,
    68,
    72,
    76,
    80,
    84,
    88,
    92,
    96,
    100,
    104,
    108,
    112,
    116,
    120,
    124
  ],
  "accuracies": [
    0.1015,
    0.291,
    0.3725,
    0.4185,
    0.452,
    0.493,
    0.5185,
    0.529,
    0.5585,
    0.568,
    0.5615,
    0.62,
    0.6615,
    0.6275,
    0.6495,
    0.6545,
    0.664,
    0.6625,
    0.638,
    0.6775,
    0.6755,
    0.661,
    0.6985,
    0.667,
    0.6605,
    0.6855,
    0.6805,
    0.691,
    0.669,
    0.6765,
    0.6885,
    0.6885
  ],
  "wall_clock_durations": [
    53.01700162887573,
    49.96635723114014,
    47.43378138542175,
    48.41583037376404,
    49.29188418388367,
    49.793670654296875,
    51.55600881576538,
    50.577446937561035,
    50.4075973033905,
    49.41249895095825,
    48.79405188560486,
    48.684884548187256,
    48.58910846710205,
    48.69650149345398,
    48.780994176864624,
    48.93754315376282,
    49.02060103416443,
    49.606263637542725,
    49.39092826843262,
    49.16070532798767,
    48.99006724357605,
    49.32628846168518,
    49.26973748207092,
    50.31786584854126,
    49.873969078063965,
    49.40881681442261,
    49.4377281665802,
    50.480146646499634,
    51.419228076934814
  ]
}