{
  "times": [
    0,
    4,
    8,
    12,
    16,
    20,
    24,
    28,
    32,
    36,
    40,
    44,
    48,
    52,
    56,
    60,
    64,
    68,
    72,
    76,
    80,
    84,
    88,
    92,
    96,
    100,
    104,
    108,
    112,
    116,
    120,
    124
  ],
  "accuracies": [
    0.0955,
    0.3105,
    0.3105,
    0.315,
    0.315,
    0.315,
    0.315,
    0.315,
    0.365,
    0.365,
    0.4205,
    0.342,
    0.342,
    0.374,
    0.374,
    0.374,
    0.3425,
    0.3425,
    0.3725,
    0.3725,
    0.5355,
    0.3515,
    0.3515,
    0.372,
    0.372,
    0.372,
    0.351,
    0.351,
    0.3735,
    0.3735,
    0.46,
    0.46
  ],
  "wall_clock_durations": [
    0.5464727878570557,
    6.140944719314575,
    0.5987939834594727,
    0.5789072513580322,
    7.60648512840271,
    0.5871169567108154,
    5.4119720458984375,
    0.45855021476745605,
    56.921611309051514,
    7.326186656951904,
    0.5959055423736572,
    7.756591320037842,
    0.6193811893463135,
    0.6125268936157227,
    7.304751634597778,
    0.6080491542816162,
    6.242887020111084,
    0.5944442749023438,
    59.470157861709595,
    8.792150974273682,
    0.7342650890350342,
    6.694269180297852,
    0.6788957118988037,
    0.5516147613525391,
    7.438001394271851,
    0.5631237030029297,
    6.51306676864624,
    0.5660793781280518,
    59.77102565765381
  ]
}