{
  "times": [
    0,
    4,
    8,
    12,
    16,
    20,
    24,
    28,
    32,
    36,
    40,
    44,
    48,
    52,
    56,
    60,
    64,
    68,
    72,
    76,
    80,
    84,
    88,
    92,
    96,
    100,
    104,
    108,
    112,
    116,
    120,
    124
  ],
  "accuracies": [
    0.1165,
    0.1165,
    0.3315,
    0.3195,
    0.3195,
    0.3635,
    0.275,
    0.275,
    0.363,
    0.363,
    0.363,
    0.3695,
    0.3695,
    0.3695,
    0.375,
    0.375,
    0.375,
    0.3595,
    0.3295,
    0.3295,
    0.375,
    0.2345,
    0.2345,
    0.378,
    0.378,
    0.378,
    0.376,
    0.376,
    0.376,
    0.3795,
    0.3795,
    0.3795
  ],
  "wall_clock_durations": [
    7.074575901031494,
    8.362130403518677,
    0.7524771690368652,
    8.072595357894897,
    9.032474756240845,
    0.7026314735412598,
    8.347148418426514,
    6.974157094955444,
    0.6590576171875,
    7.891697883605957,
    0.6201930046081543,
    0.5685250759124756,
    8.578998327255249,
    0.6166808605194092,
    0.6460843086242676,
    6.7646989822387695,
    9.507163286209106,
    0.6842570304870605,
    8.714718341827393,
    7.535475492477417,
    0.7736794948577881,
    7.580226898193359,
    8.012004375457764,
    0.6371967792510986,
    7.39708399772644,
    0.5460832118988037,
    0.5567185878753662,
    9.133530378341675,
    0.7082514762878418
  ]
}