{
  "times": [
    0,
    4,
    8,
    12,
    16,
    20,
    24,
    28,
    32,
    36,
    40,
    44,
    48,
    52,
    56,
    60,
    64,
    68,
    72,
    76,
    80,
    84,
    88,
    92,
    96,
    100,
    104,
    108,
    112,
    116,
    120,
    124
  ],
  "accuracies": [
    0.0935,
    0.1935,
    0.1975,
    0.3365,
    0.307,
    0.3345,
    0.399,
    0.4295,
    0.3895,
    0.381,
    0.4065,
    0.464,
    0.5575,
    0.4045,
    0.395,
    0.5,
    0.52,
    0.5425,
    0.4895,
    0.4535,
    0.5185,
    0.6,
    0.6005,
    0.4705,
    0.4715,
    0.54,
    0.609,
    0.5995,
    0.495,
    0.475,
    0.538,
    0.538
  ],
  "wall_clock_durations": [
    30.527177333831787,
    32.19938111305237,
    33.19718146324158,
    31.33850073814392,
    32.06237268447876,
    32.38259720802307,
    32.374194622039795,
    33.29976177215576,
    31.056020736694336,
    34.97446298599243,
    32.2622287273407,
    31.725760221481323,
    32.323014974594116,
    31.03445863723755,
    32.56922221183777,
    34.50160598754883,
    33.68992018699646,
    33.393577098846436,
    29.911869525909424,
    31.209157943725586,
    31.112702131271362,
    32.61091423034668,
    31.607973337173462,
    29.37678623199463,
    31.420085906982422,
    32.73258852958679,
    33.43649435043335,
    32.49024510383606,
    29.89605736732483
  ]
}