{
  "times": [
    4,
    8,
    12,
    16,
    20,
    24,
    28,
    32,
    36,
    40,
    44,
    48,
    52,
    56,
    60,
    64,
    68,
    72,
    76,
    80,
    84,
    88,
    92,
    96,
    100,
    104,
    108,
    112,
    116,
    120
  ],
  "accuracies": [
    0.28625,
    0.291875,
    0.273125,
    0.271875,
    0.27125,
    0.200625,
    0.27375,
    0.294375,
    0.273125,
    0.2475,
    0.3225,
    0.289375,
    0.235,
    0.268125,
    0.32375,
    0.388125,
    0.38625,
    0.35375,
    0.36125,
    0.36625,
    0.366875,
    0.354375,
    0.32375,
    0.450625,
    0.4875,
    0.358125,
    0.4825,
    0.505625,
    0.503125,
    0.425
  ],
  "wall_clock_durations": [
    6.67152214050293,
    24.12076711654663,
    5.811142206192017,
    6.515861511230469,
    23.27754020690918,
    20.159217596054077,
    5.992218971252441,
    6.159090280532837,
    23.06097173690796,
    25.213062047958374,
    6.799537658691406,
    23.509366273880005,
    6.796589374542236,
    7.462012052536011,
    23.329577207565308,
    20.887230396270752,
    6.205704689025879,
    7.124943494796753,
    21.38884162902832,
    22.09401798248291,
    6.361327171325684,
    25.77907657623291,
    5.843600511550903,
    7.093740224838257,
    25.047304153442383,
    20.765000581741333,
    5.958317279815674,
    6.049785375595093,
    21.258849620819092
  ]
}