{
  "times": [
    4,
    8,
    12,
    16,
    20,
    24,
    28,
    32,
    36,
    40,
    44,
    48,
    52,
    56,
    60,
    64,
    68,
    72,
    76,
    80,
    84,
    88,
    92,
    96,
    100,
    104,
    108,
    112,
    116,
    120
  ],
  "accuracies": [
    0.11,
    0.215,
    0.21,
    0.141,
    0.2235,
    0.254,
    0.2435,
    0.232,
    0.2715,
    0.265,
    0.2935,
    0.2895,
    0.343,
    0.302,
    0.3495,
    0.3425,
    0.402,
    0.415,
    0.3625,
    0.4135,
    0.446,
    0.4535,
    0.4185,
    0.441,
    0.388,
    0.386,
    0.456,
    0.5025,
    0.4985,
    0.522
  ],
  "wall_clock_durations": [
    18.763901472091675,
    5.304638147354126,
    6.008903503417969,
    19.46811008453369,
    6.260644197463989,
    6.481245279312134,
    5.654465436935425,
    20.888798475265503,
    19.692746877670288,
    19.234601259231567,
    19.332350969314575,
    5.42961049079895,
    6.1172332763671875,
    19.379401922225952,
    6.172508001327515,
    6.078854322433472,
    5.428653240203857,
    21.23185396194458,
    19.425336837768555,
    19.343656063079834,
    18.756879091262817,
    5.5185017585754395,
    6.037272930145264,
    18.858375310897827,
    6.19687032699585,
    5.925365447998047,
    5.639411211013794,
    21.17896294593811,
    19.758446216583252
  ]
}