{
  "times": [
    4,
    8,
    12,
    16,
    20,
    24,
    28,
    32,
    36,
    40,
    44,
    48,
    52,
    56,
    60,
    64,
    68,
    72,
    76,
    80,
    84,
    88,
    92,
    96,
    100,
    104,
    108,
    112,
    116,
    120
  ],
  "accuracies": [
    0.28875,
    0.281875,
    0.291875,
    0.3,
    0.341875,
    0.3675,
    0.396875,
    0.44875,
    0.471875,
    0.523125,
    0.559375,
    0.560625,
    0.58875,
    0.60625,
    0.619375,
    0.63375,
    0.648125,
    0.649375,
    0.645625,
    0.655,
    0.65875,
    0.661875,
    0.68625,
    0.696875,
    0.691875,
    0.701875,
    0.703125,
    0.69875,
    0.685,
    0.705625
  ],
  "wall_clock_durations": [
    59.59508562088013,
    59.56457471847534,
    58.64535450935364,
    57.29661297798157,
    57.10276484489441,
    56.002999782562256,
    54.863791942596436,
    54.49547362327576,
    55.76110863685608,
    54.775388956069946,
    57.88097286224365,
    57.80350422859192,
    56.00336694717407,
    56.48687219619751,
    62.33554005622864,
    55.60346221923828,
    53.339640617370605,
    53.23816704750061,
    54.09160852432251,
    56.076507329940796,
    55.175724506378174,
    63.905293703079224,
    59.162760734558105,
    58.23495292663574,
    54.216840982437134,
    57.96952486038208,
    55.29762125015259,
    56.09976935386658,
    59.405659675598145
  ]
}