{
  "times": [
    4,
    8,
    12,
    16,
    20,
    24,
    28,
    32,
    36,
    40,
    44,
    48,
    52,
    56,
    60,
    64,
    68,
    72,
    76,
    80,
    84,
    88,
    92,
    96,
    100,
    104,
    108,
    112,
    116,
    120
  ],
  "accuracies": [
    0.1,
    0.128125,
    0.140625,
    0.246875,
    0.303125,
    0.36625,
    0.3275,
    0.435625,
    0.44625,
    0.424375,
    0.376875,
    0.4625,
    0.47,
    0.49375,
    0.49625,
    0.44375,
    0.51125,
    0.48375,
    0.528125,
    0.529375,
    0.463125,
    0.57,
    0.4925,
    0.5725,
    0.57625,
    0.52125,
    0.545625,
    0.565625,
    0.54625,
    0.561875
  ],
  "wall_clock_durations": [
    35.70753264427185,
    36.581297874450684,
    36.66098618507385,
    31.340843677520752,
    31.54749369621277,
    33.27764320373535,
    34.3326621055603,
    34.980416774749756,
    31.96674871444702,
    32.78671193122864,
    35.490638732910156,
    34.282811880111694,
    36.06063103675842,
    32.38808989524841,
    31.325987815856934,
    35.17873287200928,
    36.13549852371216,
    36.047163248062134,
    32.1773099899292,
    31.765666246414185,
    32.90801501274109,
    33.496416330337524,
    34.41676425933838,
    31.39947009086609,
    30.883384704589844,
    32.84142208099365,
    33.66492509841919,
    34.42753839492798,
    34.00222682952881
  ]
}