{
  "times": [
    4,
    8,
    12,
    16,
    20,
    24,
    28,
    32,
    36,
    40,
    44,
    48,
    52,
    56,
    60,
    64,
    68,
    72,
    76,
    80,
    84,
    88,
    92,
    96,
    100,
    104,
    108,
    112,
    116,
    120
  ],
  "accuracies": [
    0.0995,
    0.1,
    0.158,
    0.16,
    0.145,
    0.1275,
    0.1195,
    0.101,
    0.1005,
    0.1005,
    0.1005,
    0.1485,
    0.178,
    0.1695,
    0.1865,
    0.2715,
    0.173,
    0.2545,
    0.263,
    0.2125,
    0.22,
    0.2225,
    0.2415,
    0.2405,
    0.255,
    0.24,
    0.1795,
    0.2495,
    0.1735,
    0.2295
  ],
  "wall_clock_durations": [
    1.8614466190338135,
    9.571428775787354,
    1.6458520889282227,
    2.0914855003356934,
    1.5514252185821533,
    1.574253797531128,
    1.5450971126556396,
    1.4411840438842773,
    1.662243127822876,
    1.5145745277404785,
    27.44446897506714,
    1.0743162631988525,
    1.001673936843872,
    1.185011863708496,
    1.2583742141723633,
    0.9249541759490967,
    5.954651832580566,
    0.9473516941070557,
    0.9132051467895508,
    0.9249813556671143,
    0.9104104042053223,
    0.9746861457824707,
    0.9375841617584229,
    1.0590133666992188,
    1.2147901058197021,
    24.366188764572144,
    0.9918444156646729,
    0.9289746284484863,
    0.9228994846343994
  ]
}