{
  "times": [
    4,
    8,
    12,
    16,
    20,
    24,
    28,
    32,
    36,
    40,
    44,
    48,
    52,
    56,
    60,
    64,
    68,
    72,
    76,
    80,
    84,
    88,
    92,
    96,
    100,
    104,
    108,
    112,
    116,
    120
  ],
  "accuracies": [
    0.3075,
    0.315,
    0.321,
    0.3225,
    0.3105,
    0.31,
    0.2415,
    0.2665,
    0.3065,
    0.2935,
    0.2215,
    0.3025,
    0.272,
    0.3,
    0.276,
    0.3055,
    0.265,
    0.29,
    0.251,
    0.2885,
    0.2865,
    0.3325,
    0.2665,
    0.279,
    0.341,
    0.297,
    0.271,
    0.2645,
    0.259,
    0.297
  ],
  "wall_clock_durations": [
    5.3150177001953125,
    6.066361665725708,
    0.9748764038085938,
    5.192196369171143,
    0.8880875110626221,
    6.505155324935913,
    5.539427995681763,
    5.372992038726807,
    5.90523886680603,
    5.431831121444702,
    5.442291259765625,
    5.9981300830841064,
    0.9598345756530762,
    5.200987339019775,
    0.9308607578277588,
    6.245376110076904,
    5.223862648010254,
    5.216847658157349,
    5.6020238399505615,
    5.408815145492554,
    5.137661457061768,
    5.825344562530518,
    0.890815258026123,
    5.130799293518066,
    0.8708829879760742,
    5.861202955245972,
    5.59951376914978,
    5.351853847503662,
    9.384084463119507
  ]
}