{
  "times": [
    4,
    8,
    12,
    16,
    20,
    24,
    28,
    32,
    36,
    40,
    44,
    48,
    52,
    56,
    60,
    64,
    68,
    72,
    76,
    80,
    84,
    88,
    92,
    96,
    100,
    104,
    108,
    112,
    116,
    120
  ],
  "accuracies": [
    0.100625,
    0.100625,
    0.098125,
    0.098125,
    0.099375,
    0.13125,
    0.128125,
    0.140625,
    0.2175,
    0.28375,
    0.236875,
    0.244375,
    0.26125,
    0.244375,
    0.24875,
    0.2575,
    0.23625,
    0.236875,
    0.255,
    0.233125,
    0.245,
    0.254375,
    0.245,
    0.235625,
    0.2525,
    0.226875,
    0.2275,
    0.243125,
    0.2375,
    0.238125
  ],
  "wall_clock_durations": [
    7.461305618286133,
    1.0117743015289307,
    1.0495100021362305,
    7.26071572303772,
    6.641008615493774,
    0.7534432411193848,
    6.035725831985474,
    5.825458288192749,
    0.7515592575073242,
    5.5185229778289795,
    8.591647386550903,
    0.857689619064331,
    8.526244878768921,
    0.870305061340332,
    0.7506234645843506,
    8.150131225585938,
    1.5569615364074707,
    1.0469648838043213,
    7.226183891296387,
    5.971359968185425,
    0.9816110134124756,
    6.957303285598755,
    6.501973867416382,
    0.756274938583374,
    7.090982437133789,
    8.586190462112427,
    0.9617071151733398,
    9.463324308395386,
    0.8950276374816895
  ]
}