{
  "times": [
    4,
    8,
    12,
    16,
    20,
    24,
    28,
    32,
    36,
    40,
    44,
    48,
    52,
    56,
    60,
    64,
    68,
    72,
    76,
    80,
    84,
    88,
    92,
    96,
    100,
    104,
    108,
    112,
    116,
    120
  ],
  "accuracies": [
    0.10375,
    0.105,
    0.1,
    0.1,
    0.12,
    0.2275,
    0.193125,
    0.183125,
    0.160625,
    0.18625,
    0.17625,
    0.195625,
    0.22,
    0.191875,
    0.173125,
    0.21125,
    0.206875,
    0.225,
    0.19,
    0.2175,
    0.25625,
    0.25875,
    0.335,
    0.226875,
    0.2725,
    0.288125,
    0.300625,
    0.30625,
    0.2475,
    0.29
  ],
  "wall_clock_durations": [
    1.2310421466827393,
    1.1114249229431152,
    1.0606191158294678,
    7.068030118942261,
    0.8046491146087646,
    0.7663850784301758,
    0.8206074237823486,
    0.8010611534118652,
    57.32252359390259,
    0.797015905380249,
    0.8051226139068604,
    0.7709603309631348,
    0.7420487403869629,
    6.004812240600586,
    0.8705582618713379,
    0.7749958038330078,
    0.9343545436859131,
    0.7906606197357178,
    60.44592022895813,
    1.693504810333252,
    1.3538525104522705,
    1.2166893482208252,
    1.1976873874664307,
    7.07849645614624,
    0.8845217227935791,
    0.7858726978302002,
    0.7289140224456787,
    0.7469592094421387,
    59.788822889328
  ]
}