{
  "times": [
    4,
    8,
    12,
    16,
    20,
    24,
    28,
    32,
    36,
    40,
    44,
    48,
    52,
    56,
    60,
    64,
    68,
    72,
    76,
    80,
    84,
    88,
    92,
    96,
    100,
    104,
    108,
    112,
    116,
    120
  ],
  "accuracies": [
    0.286,
    0.298,
    0.258,
    0.274,
    0.2625,
    0.2655,
    0.2405,
    0.238,
    0.3145,
    0.3145,
    0.305,
    0.3075,
    0.328,
    0.31,
    0.3215,
    0.32,
    0.31,
    0.3115,
    0.317,
    0.324,
    0.327,
    0.313,
    0.326,
    0.3605,
    0.356,
    0.378,
    0.3245,
    0.349,
    0.367,
    0.3925
  ],
  "wall_clock_durations": [
    18.362958908081055,
    0.9345042705535889,
    20.495707511901855,
    5.866465091705322,
    5.946427345275879,
    18.70658802986145,
    0.9712207317352295,
    21.04568910598755,
    49.1553897857666,
    6.089004755020142,
    18.371177196502686,
    0.9629254341125488,
    21.062559127807617,
    6.355233430862427,
    5.93612003326416,
    18.79412031173706,
    0.8895306587219238,
    21.248499155044556,
    49.82778716087341,
    6.27506947517395,
    18.366451740264893,
    0.9510433673858643,
    24.122443199157715,
    10.823667287826538,
    9.426695585250854,
    22.921666622161865,
    1.1420419216156006,
    24.922038555145264,
    60.65615677833557
  ]
}