{
  "times": [
    4,
    8,
    12,
    16,
    20,
    24,
    28,
    32,
    36,
    40,
    44,
    48,
    52,
    56,
    60,
    64,
    68,
    72,
    76,
    80,
    84,
    88,
    92,
    96,
    100,
    104,
    108,
    112,
    116,
    120
  ],
  "accuracies": [
    0.271,
    0.2975,
    0.29,
    0.3155,
    0.363,
    0.439,
    0.4905,
    0.527,
    0.5355,
    0.5395,
    0.504,
    0.5095,
    0.52,
    0.5315,
    0.5095,
    0.575,
    0.5725,
    0.581,
    0.602,
    0.6105,
    0.605,
    0.6225,
    0.6225,
    0.6315,
    0.627,
    0.629,
    0.6355,
    0.639,
    0.646,
    0.6585
  ],
  "wall_clock_durations": [
    47.44455671310425,
    48.32016658782959,
    47.82343506813049,
    50.76574444770813,
    53.94934678077698,
    55.01113414764404,
    54.99277472496033,
    53.794275522232056,
    53.4751513004303,
    53.27046847343445,
    53.83001446723938,
    52.299047231674194,
    49.82292461395264,
    49.211601972579956,
    50.25421071052551,
    50.48404550552368,
    49.937705993652344,
    50.44663095474243,
    50.60842227935791,
    50.216020822525024,
    49.56489896774292,
    49.25734734535217,
    49.194825649261475,
    49.850512981414795,
    49.6547589302063,
    49.745394229888916,
    50.35906624794006,
    49.46400690078735,
    49.99871063232422
  ]
}