{
  "times": [
    4,
    8,
    12,
    16,
    20,
    24,
    28,
    32,
    36,
    40,
    44,
    48,
    52,
    56,
    60,
    64,
    68,
    72,
    76,
    80,
    84,
    88,
    92,
    96,
    100,
    104,
    108,
    112,
    116,
    120
  ],
  "accuracies": [
    0.312,
    0.2625,
    0.2945,
    0.32,
    0.387,
    0.362,
    0.39,
    0.3775,
    0.4395,
    0.4405,
    0.4585,
    0.431,
    0.5045,
    0.5045,
    0.508,
    0.5165,
    0.452,
    0.535,
    0.5455,
    0.5355,
    0.555,
    0.5045,
    0.573,
    0.558,
    0.5565,
    0.57,
    0.549,
    0.5815,
    0.5515,
    0.5575
  ],
  "wall_clock_durations": [
    31.837483882904053,
    32.3698832988739,
    33.385597229003906,
    30.012380838394165,
    29.92241144180298,
    30.81659436225891,
    30.929603099822998,
    32.57688879966736,
    29.663324117660522,
    29.690171480178833,
    30.934000253677368,
    30.679301738739014,
    32.61536240577698,
    29.4182550907135,
    29.789247035980225,
    30.96679377555847,
    31.285964965820312,
    37.715054750442505,
    31.454336881637573,
    29.79642152786255,
    31.064271211624146,
    30.627958297729492,
    32.95607924461365,
    29.286641836166382,
    29.308915376663208,
    31.016359567642212,
    30.45923638343811,
    32.46230983734131,
    29.46353316307068
  ]
}