{
  "times": [
    4,
    8,
    12,
    16,
    20,
    24,
    28,
    32,
    36,
    40,
    44,
    48,
    52,
    56,
    60,
    64,
    68,
    72,
    76,
    80,
    84,
    88,
    92,
    96,
    100,
    104,
    108,
    112,
    116,
    120
  ],
  "accuracies": [
    0.099375,
    0.13375,
    0.15625,
    0.165,
    0.191875,
    0.14375,
    0.256875,
    0.34,
    0.30875,
    0.22,
    0.27875,
    0.235625,
    0.2325,
    0.23375,
    0.291875,
    0.38375,
    0.34625,
    0.368125,
    0.3675,
    0.320625,
    0.399375,
    0.344375,
    0.405625,
    0.366875,
    0.38375,
    0.441875,
    0.42,
    0.440625,
    0.443125,
    0.451875
  ],
  "wall_clock_durations": [
    7.363505840301514,
    26.92654800415039,
    1.1015381813049316,
    7.903057098388672,
    1.044309377670288,
    24.161943197250366,
    7.2609241008758545,
    6.973345994949341,
    0.8928086757659912,
    0.8141262531280518,
    6.927922010421753,
    25.288280248641968,
    0.8860049247741699,
    6.098391771316528,
    0.7463924884796143,
    22.49927806854248,
    6.4412314891815186,
    5.7523908615112305,
    0.732398509979248,
    0.8705193996429443,
    6.814045190811157,
    25.00021195411682,
    1.2114384174346924,
    8.825180768966675,
    0.85693359375,
    23.94191813468933,
    8.564212560653687,
    9.124207019805908,
    1.2332940101623535
  ]
}