{
  "times": [
    4,
    8,
    12,
    16,
    20,
    24,
    28,
    32,
    36,
    40,
    44,
    48,
    52,
    56,
    60,
    64,
    68,
    72,
    76,
    80,
    84,
    88,
    92,
    96,
    100,
    104,
    108,
    112,
    116,
    120
  ],
  "accuracies": [
    0.21627906976744185,
    0.3775,
    0.0,
    0.3488888888888889,
    0.0,
    0.2627906976744186,
    0.0,
    0.2625,
    0.38555555555555554,
    0.0,
    0.25,
    0.0,
    0.515,
    0.0,
    0.0,
    0.0,
    0.0,
    0.51,
    0.0,
    0.08139534883720931,
    0.0,
    0.2,
    0.3125,
    0.28444444444444444,
    0.0,
    0.13604651162790696,
    0.0,
    0.3125,
    0.35,
    0.0
  ]
}