{
  "times": [
    4,
    8,
    12,
    16,
    20,
    24,
    28,
    32,
    36,
    40,
    44,
    48,
    52,
    56,
    60,
    64,
    68,
    72,
    76,
    80,
    84,
    88,
    92,
    96,
    100,
    104,
    108,
    112,
    116,
    120
  ],
  "accuracies": [
    0.0,
    0.0,
    0.5804347826086956,
    0.2775,
    0.5782608695652174,
    0.0,
    0.0,
    0.2775,
    0.3652173913043478,
    0.0,
    0.0,
    0.0,
    0.4891304347826087,
    0.0,
    0.0,
    0.0,
    0.5369565217391304,
    0.2775,
    0.0,
    0.0,
    0.4543478260869565,
    0.0,
    0.46304347826086956,
    0.0,
    0.47608695652173916,
    0.2775,
    0.0,
    0.0,
    0.24565217391304348,
    0.0
  ]
}