{
  "times": [
    4,
    8,
    12,
    16,
    20,
    24,
    28,
    32,
    36,
    40,
    44,
    48,
    52,
    56,
    60,
    64,
    68,
    72,
    76,
    80,
    84,
    88,
    92,
    96,
    100,
    104,
    108,
    112,
    116,
    120
  ],
  "accuracies": [
    0.276,
    0.3065,
    0.3025,
    0.2825,
    0.2805,
    0.275,
    0.286,
    0.28,
    0.266,
    0.3075,
    0.2865,
    0.298,
    0.343,
    0.302,
    0.345,
    0.29,
    0.321,
    0.3565,
    0.387,
    0.4245,
    0.3835,
    0.367,
    0.472,
    0.4305,
    0.4145,
    0.391,
    0.419,
    0.4625,
    0.4535,
    0.439
  ],
  "wall_clock_durations": [
    0.9952998161315918,
    22.046388864517212,
    1.0794346332550049,
    6.97166109085083,
    6.912301063537598,
    1.0938301086425781,
    23.565545797348022,
    1.1417059898376465,
    61.87095928192139,
    7.231458425521851,
    1.0658748149871826,
    23.25839352607727,
    0.988213062286377,
    6.89889669418335,
    6.792243242263794,
    1.0463190078735352,
    23.27337622642517,
    1.0321869850158691,
    59.86892628669739,
    6.9546425342559814,
    1.0210752487182617,
    23.006191968917847,
    1.1220982074737549,
    6.773197412490845,
    6.8476526737213135,
    0.9716508388519287,
    23.065852880477905,
    1.0396003723144531,
    59.30379390716553
  ]
}