{
  "times": [
    4,
    8,
    12,
    16,
    20,
    24,
    28,
    32,
    36,
    40,
    44,
    48,
    52,
    56,
    60,
    64,
    68,
    72,
    76,
    80,
    84,
    88,
    92,
    96,
    100,
    104,
    108,
    112,
    116,
    120
  ],
  "accuracies": [
    0.5325,
    0.0,
    0.0,
    0.2543478260869565,
    0.0,
    0.0,
    0.3386363636363636,
    0.2782608695652174,
    0.2975,
    0.0,
    0.4318181818181818,
    0.29782608695652174,
    0.32,
    0.0,
    0.5613636363636364,
    0.25217391304347825,
    0.29,
    0.42,
    0.4340909090909091,
    0.2543478260869565,
    0.3125,
    0.0,
    0.6227272727272727,
    0.33260869565217394,
    0.2825,
    0.0,
    0.6477272727272727,
    0.4369565217391304,
    0.2575,
    0.0
  ]
}