{
  "times": [
    4,
    8,
    12,
    16,
    20,
    24,
    28,
    32,
    36,
    40,
    44,
    48,
    52,
    56,
    60,
    64,
    68,
    72,
    76,
    80,
    84,
    88,
    92,
    96,
    100,
    104,
    108,
    112,
    116,
    120
  ],
  "accuracies": [
    0.17,
    0.49404761904761907,
    0.04047619047619048,
    0.5695652173913044,
    0.20075757575757575,
    0.405,
    0.07142857142857142,
    0.1357142857142857,
    0.5521739130434783,
    0.42348484848484846,
    0.3575,
    0.2904761904761905,
    0.2630952380952381,
    0.4369565217391304,
    0.20454545454545456,
    0.395,
    0.11428571428571428,
    0.2904761904761905,
    0.2543478260869565,
    0.1696969696969697,
    0.2775,
    0.0,
    0.2904761904761905,
    0.0,
    0.1696969696969697,
    0.27,
    0.2904761904761905,
    0.2904761904761905,
    0.24565217391304348,
    0.1696969696969697
  ]
}