{
  "times": [
    4,
    8,
    12,
    16,
    20,
    24,
    28,
    32,
    36,
    40,
    44,
    48,
    52,
    56,
    60,
    64,
    68,
    72,
    76,
    80,
    84,
    88,
    92,
    96,
    100,
    104,
    108,
    112,
    116,
    120
  ],
  "accuracies": [
    0.1,
    0.259,
    0.226,
    0.2865,
    0.4035,
    0.3325,
    0.3275,
    0.376,
    0.325,
    0.429,
    0.3825,
    0.387,
    0.494,
    0.453,
    0.536,
    0.531,
    0.501,
    0.534,
    0.489,
    0.548,
    0.5215,
    0.5155,
    0.5355,
    0.508,
    0.5765,
    0.559,
    0.5475,
    0.589,
    0.589,
    0.5955
  ],
  "wall_clock_durations": [
    52.276976346969604,
    52.69878697395325,
    52.52511739730835,
    37.20561194419861,
    37.38068890571594,
    51.82288146018982,
    53.337971210479736,
    54.1863796710968,
    38.2988862991333,
    37.20063090324402,
    51.119505405426025,
    53.258362770080566,
    54.804786920547485,
    38.62043619155884,
    37.929957151412964,
    52.98808789253235,
    53.136510133743286,
    50.57078146934509,
    34.94904351234436,
    35.09955859184265,
    48.329978942871094,
    50.701706409454346,
    53.203726291656494,
    38.7294762134552,
    40.5326132774353,
    56.33198261260986,
    53.24346923828125,
    50.74952745437622,
    35.162410736083984
  ]
}