{
  "times": [
    4,
    8,
    12,
    16,
    20,
    24,
    28,
    32,
    36,
    40,
    44,
    48,
    52,
    56,
    60,
    64,
    68,
    72,
    76,
    80,
    84,
    88,
    92,
    96,
    100,
    104,
    108,
    112,
    116,
    120
  ],
  "accuracies": [
    0.293,
    0.283,
    0.24,
    0.282,
    0.2965,
    0.2915,
    0.26,
    0.3315,
    0.3635,
    0.4015,
    0.4135,
    0.3615,
    0.443,
    0.492,
    0.4245,
    0.4285,
    0.5315,
    0.502,
    0.5185,
    0.474,
    0.513,
    0.5085,
    0.5465,
    0.566,
    0.519,
    0.5105,
    0.568,
    0.534,
    0.562,
    0.5245
  ],
  "wall_clock_durations": [
    31.726823568344116,
    44.00332593917847,
    41.31082272529602,
    29.34591794013977,
    32.45576357841492,
    41.78892660140991,
    27.685660123825073,
    28.439592838287354,
    40.33872389793396,
    24.86133575439453,
    23.751660346984863,
    41.67927694320679,
    39.747711420059204,
    27.73560094833374,
    30.205097436904907,
    36.614495038986206,
    24.408188343048096,
    24.50334358215332,
    49.740636110305786,
    26.011492013931274,
    24.02990484237671,
    37.688029527664185,
    38.80641031265259,
    27.112188816070557,
    25.551626920700073,
    34.11995458602905,
    22.796870231628418,
    22.274898767471313,
    35.81807565689087
  ]
}