{
  "times": [
    4,
    8,
    12,
    16,
    20,
    24,
    28,
    32,
    36,
    40,
    44,
    48,
    52,
    56,
    60,
    64,
    68,
    72,
    76,
    80,
    84,
    88,
    92,
    96,
    100,
    104,
    108,
    112,
    116,
    120
  ],
  "accuracies": [
    0.0,
    0.5977272727272728,
    0.0,
    0.0,
    0.21818181818181817,
    0.0,
    0.0,
    0.21818181818181817,
    0.0,
    0.0,
    0.21818181818181817,
    0.0,
    0.0,
    0.21818181818181817,
    0.0,
    0.0,
    0.21818181818181817,
    0.0,
    0.0,
    0.21818181818181817,
    0.0,
    0.0,
    0.23636363636363636,
    0.0,
    0.0,
    0.2340909090909091,
    0.0,
    0.0,
    0.25227272727272726,
    0.0
  ]
}