{
  "times": [
    4,
    8,
    12,
    16,
    20,
    24,
    28,
    32,
    36,
    40,
    44,
    48,
    52,
    56,
    60,
    64,
    68,
    72,
    76,
    80,
    84,
    88,
    92,
    96,
    100,
    104,
    108,
    112,
    116,
    120
  ],
  "accuracies": [
    0.1205,
    0.1745,
    0.1905,
    0.191,
    0.2345,
    0.2055,
    0.1945,
    0.255,
    0.238,
    0.232,
    0.266,
    0.25,
    0.314,
    0.2565,
    0.291,
    0.28,
    0.306,
    0.2595,
    0.2715,
    0.2725,
    0.228,
    0.2465,
    0.201,
    0.187,
    0.2045,
    0.162,
    0.2735,
    0.281,
    0.1745,
    0.2385
  ],
  "wall_clock_durations": [
    5.300615310668945,
    6.432804584503174,
    0.9535408020019531,
    6.054201364517212,
    0.9532914161682129,
    1.2269940376281738,
    5.8612916469573975,
    1.0221538543701172,
    0.9324378967285156,
    6.127432584762573,
    6.570319175720215,
    0.968275785446167,
    6.054732799530029,
    0.9500904083251953,
    0.9611291885375977,
    6.395658493041992,
    6.910320997238159,
    0.9523942470550537,
    5.938458204269409,
    0.9582242965698242,
    0.9399204254150391,
    5.912380695343018,
    0.9675817489624023,
    0.9612095355987549,
    5.744561195373535,
    6.361489295959473,
    0.9245660305023193,
    6.2768683433532715,
    0.977135181427002
  ]
}