{
  "times": [
    4,
    8,
    12,
    16,
    20,
    24,
    28,
    32,
    36,
    40,
    44,
    48,
    52,
    56,
    60,
    64,
    68,
    72,
    76,
    80,
    84,
    88,
    92,
    96,
    100,
    104,
    108,
    112,
    116,
    120
  ],
  "accuracies": [
    0.279,
    0.3095,
    0.3095,
    0.311,
    0.2985,
    0.293,
    0.362,
    0.2975,
    0.3675,
    0.311,
    0.316,
    0.32,
    0.333,
    0.3055,
    0.362,
    0.379,
    0.367,
    0.378,
    0.445,
    0.463,
    0.445,
    0.536,
    0.481,
    0.4255,
    0.5305,
    0.5235,
    0.4355,
    0.5115,
    0.5375,
    0.5365
  ],
  "wall_clock_durations": [
    6.570846080780029,
    24.869866609573364,
    6.435852527618408,
    5.637441635131836,
    5.846441745758057,
    5.645353078842163,
    5.904790163040161,
    7.651629447937012,
    13.898043394088745,
    10.173207521438599,
    7.672234535217285,
    23.539672374725342,
    6.947359561920166,
    6.045954942703247,
    6.417885780334473,
    5.791278123855591,
    6.0817461013793945,
    6.503680229187012,
    6.21416163444519,
    6.628748655319214,
    6.512358903884888,
    22.850709676742554,
    6.801559209823608,
    5.8069257736206055,
    6.20988917350769,
    5.8844897747039795,
    6.148862600326538,
    6.824965238571167,
    6.1329429149627686
  ]
}