{
  "times": [
    4,
    8,
    12,
    16,
    20,
    24,
    28,
    32,
    36,
    40,
    44,
    48,
    52,
    56,
    60,
    64,
    68,
    72,
    76,
    80,
    84,
    88,
    92,
    96,
    100,
    104,
    108,
    112,
    116,
    120
  ],
  "accuracies": [
    0.12558139534883722,
    0.25125,
    0.11071428571428571,
    0.0,
    0.10869565217391304,
    0.0,
    0.25125,
    0.1738095238095238,
    0.23666666666666666,
    0.0,
    0.040697674418604654,
    0.0,
    0.26785714285714285,
    0.23666666666666666,
    0.2673913043478261,
    0.046511627906976744,
    0.25125,
    0.2642857142857143,
    0.2811111111111111,
    0.16304347826086957,
    0.029069767441860465,
    0.0075,
    0.39166666666666666,
    0.2722222222222222,
    0.28695652173913044,
    0.07790697674418605,
    0.0,
    0.28095238095238095,
    0.38,
    0.18369565217391304
  ]
}