{
  "times": [
    4,
    8,
    12,
    16,
    20,
    24,
    28,
    32,
    36,
    40,
    44,
    48,
    52,
    56,
    60,
    64,
    68,
    72,
    76,
    80,
    84,
    88,
    92,
    96,
    100,
    104,
    108,
    112,
    116,
    120
  ],
  "accuracies": [
    0.1313953488372093,
    0.24565217391304348,
    0.12555555555555556,
    0.11627906976744186,
    0.14534883720930233,
    0.0,
    0.1322222222222222,
    0.0,
    0.14534883720930233,
    0.0,
    0.1322222222222222,
    0.0,
    0.15348837209302327,
    0.0,
    0.1322222222222222,
    0.004651162790697674,
    0.17790697674418604,
    0.0,
    0.1322222222222222,
    0.03488372093023256,
    0.1872093023255814,
    0.0,
    0.09666666666666666,
    0.10465116279069768,
    0.20232558139534884,
    0.0,
    0.14,
    0.053488372093023255,
    0.21976744186046512,
    0.0
  ]
}