{
  "times": [
    4,
    8,
    12,
    16,
    20,
    24,
    28,
    32,
    36,
    40,
    44,
    48,
    52,
    56,
    60,
    64,
    68,
    72,
    76,
    80,
    84,
    88,
    92,
    96,
    100,
    104,
    108,
    112,
    116,
    120
  ],
  "accuracies": [
    0.15714285714285714,
    0.2669354838709677,
    0.19846153846153847,
    0.08235294117647057,
    0.03939393939393939,
    0.16507936507936508,
    0.30483870967741933,
    0.2784615384615385,
    0.3463235294117647,
    0.2537878787878788,
    0.25793650793650796,
    0.36451612903225805,
    0.2592307692307692,
    0.09338235294117647,
    0.08712121212121211,
    0.2904761904761905,
    0.39919354838709675,
    0.3923076923076923,
    0.2948529411764706,
    0.10151515151515152,
    0.19047619047619047,
    0.45403225806451614,
    0.34615384615384615,
    0.12279411764705882,
    0.0856060606060606,
    0.3238095238095238,
    0.4508064516129032,
    0.3046153846153846,
    0.46397058823529413,
    0.40984848484848485
  ]
}