{
  "times": [
    4,
    8,
    12,
    16,
    20,
    24,
    28,
    32,
    36,
    40,
    44,
    48,
    52,
    56,
    60,
    64,
    68,
    72,
    76,
    80,
    84,
    88,
    92,
    96,
    100,
    104,
    108,
    112,
    116,
    120
  ],
  "accuracies": [
    0.24767441860465117,
    0.11071428571428571,
    0.1934782608695652,
    0.26046511627906976,
    0.0,
    0.07173913043478261,
    0.34767441860465115,
    0.0,
    0.41304347826086957,
    0.37790697674418605,
    0.26071428571428573,
    0.45217391304347826,
    0.3802325581395349,
    0.2833333333333333,
    0.45,
    0.36511627906976746,
    0.38571428571428573,
    0.391304347826087,
    0.35348837209302325,
    0.3976190476190476,
    0.2,
    0.3686046511627907,
    0.3952380952380952,
    0.2608695652173913,
    0.34651162790697676,
    0.3976190476190476,
    0.24347826086956523,
    0.3453488372093023,
    0.3488095238095238,
    0.2673913043478261
  ]
}