{
  "times": [
    4,
    8,
    12,
    16,
    20,
    24,
    28,
    32,
    36,
    40,
    44,
    48,
    52,
    56,
    60,
    64,
    68,
    72,
    76,
    80,
    84,
    88,
    92,
    96,
    100,
    104,
    108,
    112,
    116,
    120
  ],
  "accuracies": [
    0.004347826086956522,
    0.0,
    0.13023255813953488,
    0.20714285714285716,
    0.14021739130434782,
    0.39545454545454545,
    0.17,
    0.225,
    0.13804347826086957,
    0.2988095238095238,
    0.27608695652173915,
    0.0,
    0.13804347826086957,
    0.2988095238095238,
    0.27608695652173915,
    0.4113636363636364,
    0.08139534883720931,
    0.22976190476190475,
    0.2782608695652174,
    0.30714285714285716,
    0.14130434782608695,
    0.0,
    0.23837209302325582,
    0.49772727272727274,
    0.07934782608695652,
    0.26071428571428573,
    0.36,
    0.5,
    0.08260869565217391,
    0.4357142857142857
  ]
}