{
  "times": [
    4,
    8,
    12,
    16,
    20,
    24,
    28,
    32,
    36,
    40,
    44,
    48,
    52,
    56,
    60,
    64,
    68,
    72,
    76,
    80,
    84,
    88,
    92,
    96,
    100,
    104,
    108,
    112,
    116,
    120
  ],
  "accuracies": [
    0.1535,
    0.1,
    0.1275,
    0.148,
    0.229,
    0.2485,
    0.259,
    0.3645,
    0.348,
    0.325,
    0.357,
    0.385,
    0.4485,
    0.4385,
    0.4755,
    0.4685,
    0.531,
    0.492,
    0.525,
    0.5445,
    0.539,
    0.564,
    0.378,
    0.4435,
    0.4865,
    0.529,
    0.5605,
    0.553,
    0.581,
    0.595
  ],
  "wall_clock_durations": [
    31.392576932907104,
    37.637635946273804,
    47.235984086990356,
    41.92324733734131,
    31.619717359542847,
    29.90191411972046,
    32.6536762714386,
    43.31007623672485,
    41.92427635192871,
    32.55780625343323,
    31.0003981590271,
    32.617823123931885,
    44.28029823303223,
    42.09748983383179,
    31.37875747680664,
    29.531494140625,
    30.336881160736084,
    40.93793320655823,
    42.746569871902466,
    33.31492257118225,
    31.167532205581665,
    32.28200173377991,
    43.98459815979004,
    47.289416790008545,
    38.153170585632324,
    32.539154291152954,
    34.0432288646698,
    49.43500113487244,
    41.156917572021484
  ]
}