{
  "times": [
    4,
    8,
    12,
    16,
    20,
    24,
    28,
    32,
    36,
    40,
    44,
    48,
    52,
    56,
    60,
    64,
    68,
    72,
    76,
    80,
    84,
    88,
    92,
    96,
    100,
    104,
    108,
    112,
    116,
    120
  ],
  "accuracies": [
    0.0815,
    0.101,
    0.1,
    0.1,
    0.1,
    0.1,
    0.1,
    0.1,
    0.1,
    0.1,
    0.1,
    0.1535,
    0.1945,
    0.2845,
    0.2825,
    0.3005,
    0.314,
    0.28,
    0.301,
    0.3305,
    0.3295,
    0.3375,
    0.3165,
    0.3675,
    0.4195,
    0.405,
    0.374,
    0.366,
    0.387,
    0.401
  ],
  "wall_clock_durations": [
    8.505080223083496,
    1.2906672954559326,
    10.588088274002075,
    7.794901371002197,
    6.476000785827637,
    6.018182754516602,
    0.9358594417572021,
    6.780425548553467,
    57.30262613296509,
    7.085050821304321,
    6.316178560256958,
    1.0298407077789307,
    6.363816738128662,
    6.219167709350586,
    6.40159273147583,
    5.270490884780884,
    0.8622989654541016,
    5.91052508354187,
    52.036450147628784,
    6.018553256988525,
    5.373680353164673,
    0.9236447811126709,
    6.003755569458008,
    6.133372068405151,
    5.855375528335571,
    5.578381538391113,
    0.9096364974975586,
    6.096107244491577,
    51.2742874622345
  ]
}