{
  "times": [
    4,
    8,
    12,
    16,
    20,
    24,
    28,
    32,
    36,
    40,
    44,
    48,
    52,
    56,
    60,
    64,
    68,
    72,
    76,
    80,
    84,
    88,
    92,
    96,
    100,
    104,
    108,
    112,
    116,
    120
  ],
  "accuracies": [
    0.098,
    0.101,
    0.099,
    0.095,
    0.114,
    0.1075,
    0.1095,
    0.188,
    0.117,
    0.139,
    0.1965,
    0.175,
    0.142,
    0.148,
    0.18,
    0.1225,
    0.1695,
    0.1685,
    0.1895,
    0.1445,
    0.1925,
    0.1715,
    0.225,
    0.188,
    0.1805,
    0.2275,
    0.223,
    0.1915,
    0.2155,
    0.212
  ],
  "wall_clock_durations": [
    9.631166934967041,
    11.612743139266968,
    1.5657165050506592,
    9.27430510520935,
    12.393357038497925,
    1.7235617637634277,
    6.197574853897095,
    0.9337997436523438,
    1.0460381507873535,
    5.9478724002838135,
    5.763606309890747,
    0.9693288803100586,
    5.689128637313843,
    1.321854591369629,
    0.9156603813171387,
    6.263619899749756,
    6.608874797821045,
    0.9525694847106934,
    5.76737117767334,
    5.8720924854278564,
    0.8927931785583496,
    5.596634387969971,
    0.914989709854126,
    0.8549659252166748,
    5.736798048019409,
    5.9435038566589355,
    0.9510550498962402,
    5.742725849151611,
    0.9114587306976318
  ]
}