{
  "times": [
    4,
    8,
    12,
    16,
    20,
    24,
    28,
    32,
    36,
    40,
    44,
    48,
    52,
    56,
    60,
    64,
    68,
    72,
    76,
    80,
    84,
    88,
    92,
    96,
    100,
    104,
    108,
    112,
    116,
    120
  ],
  "accuracies": [
    0.1025,
    0.15125,
    0.14375,
    0.1525,
    0.17375,
    0.21625,
    0.2225,
    0.219375,
    0.2025,
    0.18125,
    0.185625,
    0.206875,
    0.20875,
    0.243125,
    0.274375,
    0.2625,
    0.305,
    0.294375,
    0.353125,
    0.31,
    0.376875,
    0.29375,
    0.279375,
    0.354375,
    0.311875,
    0.336875,
    0.345625,
    0.26375,
    0.258125,
    0.32875
  ],
  "wall_clock_durations": [
    16.202980995178223,
    1.3339252471923828,
    9.516345977783203,
    0.9823863506317139,
    25.413533449172974,
    1.335273027420044,
    1.104837417602539,
    10.20546817779541,
    1.1957387924194336,
    0.9796342849731445,
    9.687177181243896,
    0.8978447914123535,
    7.378139495849609,
    0.9312353134155273,
    20.84349822998047,
    0.8007028102874756,
    1.8616831302642822,
    6.054711103439331,
    0.8331828117370605,
    0.9187757968902588,
    8.111696481704712,
    0.8056831359863281,
    10.310947895050049,
    0.8331320285797119,
    23.435051918029785,
    0.9259800910949707,
    1.0151798725128174,
    9.051745653152466,
    1.191662311553955
  ]
}