{
  "times": [
    4,
    8,
    12,
    16,
    20,
    24,
    28,
    32,
    36,
    40,
    44,
    48,
    52,
    56,
    60,
    64,
    68,
    72,
    76,
    80,
    84,
    88,
    92,
    96,
    100,
    104,
    108,
    112,
    116,
    120
  ],
  "accuracies": [
    0.131875,
    0.13,
    0.103125,
    0.1,
    0.1,
    0.100625,
    0.100625,
    0.1,
    0.09375,
    0.124375,
    0.190625,
    0.13625,
    0.048125,
    0.19875,
    0.139375,
    0.1525,
    0.201875,
    0.225625,
    0.234375,
    0.34125,
    0.15625,
    0.14,
    0.195,
    0.200625,
    0.20875,
    0.21125,
    0.233125,
    0.32,
    0.28875,
    0.29875
  ],
  "wall_clock_durations": [
    1.3983404636383057,
    12.491788387298584,
    13.049090385437012,
    1.1137418746948242,
    23.857181072235107,
    0.8789401054382324,
    7.304905891418457,
    6.698788166046143,
    56.88241624832153,
    22.11957287788391,
    1.092768669128418,
    7.80656623840332,
    7.403920412063599,
    1.0731241703033447,
    22.246278285980225,
    0.9349825382232666,
    8.639005661010742,
    7.489258050918579,
    58.202954053878784,
    22.649433851242065,
    0.8907084465026855,
    7.286273717880249,
    7.011244297027588,
    0.9351084232330322,
    22.014090061187744,
    0.842644214630127,
    7.343722581863403,
    7.387176752090454,
    59.60653066635132
  ]
}