{
  "times": [
    4,
    8,
    12,
    16,
    20,
    24,
    28,
    32,
    36,
    40,
    44,
    48,
    52,
    56,
    60,
    64,
    68,
    72,
    76,
    80,
    84,
    88,
    92,
    96,
    100,
    104,
    108,
    112,
    116,
    120
  ],
  "accuracies": [
    0.204375,
    0.099375,
    0.165,
    0.209375,
    0.20125,
    0.2375,
    0.2225,
    0.323125,
    0.333125,
    0.399375,
    0.37,
    0.42625,
    0.46375,
    0.4475,
    0.470625,
    0.511875,
    0.475625,
    0.5125,
    0.544375,
    0.5475,
    0.53625,
    0.55875,
    0.549375,
    0.5625,
    0.539375,
    0.5375,
    0.58125,
    0.563125,
    0.568125,
    0.5625
  ],
  "wall_clock_durations": [
    46.095696210861206,
    46.350441694259644,
    48.95228552818298,
    47.61707878112793,
    49.37527418136597,
    58.93377900123596,
    51.8412230014801,
    56.8755087852478,
    51.61364984512329,
    51.5264937877655,
    50.10863733291626,
    52.2765691280365,
    57.81993079185486,
    56.3463397026062,
    50.843297481536865,
    52.35931444168091,
    64.45302128791809,
    52.12099003791809,
    51.49891114234924,
    54.62862300872803,
    54.89472579956055,
    58.405240058898926,
    55.73833680152893,
    53.54950928688049,
    55.69043493270874,
    61.80046057701111,
    51.52142643928528,
    57.855624198913574,
    53.759456396102905
  ]
}