{
  "times": [
    4,
    8,
    12,
    16,
    20,
    24,
    28,
    32,
    36,
    40,
    44,
    48,
    52,
    56,
    60,
    64,
    68,
    72,
    76,
    80,
    84,
    88,
    92,
    96,
    100,
    104,
    108,
    112,
    116,
    120
  ],
  "accuracies": [
    0.1,
    0.1075,
    0.1,
    0.1,
    0.0875,
    0.111875,
    0.1325,
    0.10125,
    0.121875,
    0.115625,
    0.108125,
    0.101875,
    0.103125,
    0.100625,
    0.104375,
    0.109375,
    0.101875,
    0.10125,
    0.105625,
    0.100625,
    0.10125,
    0.111875,
    0.100625,
    0.11625,
    0.156875,
    0.11125,
    0.119375,
    0.159375,
    0.11375,
    0.146875
  ],
  "wall_clock_durations": [
    1.225282907485962,
    1.4520671367645264,
    1.4992711544036865,
    1.5202710628509521,
    9.77283501625061,
    1.647514820098877,
    1.4591624736785889,
    9.571231126785278,
    1.0056543350219727,
    0.8880581855773926,
    0.9211165904998779,
    0.8828325271606445,
    0.8395583629608154,
    0.9264214038848877,
    0.7964866161346436,
    1.2621209621429443,
    1.1858148574829102,
    0.8005096912384033,
    0.9030394554138184,
    6.885453701019287,
    0.9441006183624268,
    0.9812359809875488,
    13.126383543014526,
    1.2901558876037598,
    1.236846685409546,
    1.2173035144805908,
    1.1643223762512207,
    1.1922850608825684,
    1.1321911811828613
  ]
}