{
  "times": [
    4,
    8,
    12,
    16,
    20,
    24,
    28,
    32,
    36,
    40,
    44,
    48,
    52,
    56,
    60,
    64,
    68,
    72,
    76,
    80,
    84,
    88,
    92,
    96,
    100,
    104,
    108,
    112,
    116,
    120
  ],
  "accuracies": [
    0.325625,
    0.3175,
    0.314375,
    0.30125,
    0.348125,
    0.33875,
    0.32625,
    0.33375,
    0.33875,
    0.37875,
    0.370625,
    0.400625,
    0.410625,
    0.44375,
    0.480625,
    0.479375,
    0.469375,
    0.48375,
    0.549375,
    0.505625,
    0.518125,
    0.524375,
    0.484375,
    0.543125,
    0.526875,
    0.53,
    0.540625,
    0.57625,
    0.5675,
    0.563125
  ],
  "wall_clock_durations": [
    32.93083477020264,
    36.06125783920288,
    36.288827896118164,
    47.39447522163391,
    38.26315760612488,
    40.42734336853027,
    34.757460832595825,
    31.6456241607666,
    42.127957820892334,
    32.91587781906128,
    34.09838581085205,
    35.11076354980469,
    34.404688119888306,
    41.37479639053345,
    30.90721559524536,
    30.755109310150146,
    31.409107446670532,
    31.15053105354309,
    39.862460136413574,
    30.562461376190186,
    30.763177394866943,
    31.270166635513306,
    31.147780179977417,
    40.5795419216156,
    35.2592556476593,
    34.08700609207153,
    35.19500684738159,
    32.50010132789612,
    41.16910696029663
  ]
}