{
  "times": [
    4,
    8,
    12,
    16,
    20,
    24,
    28,
    32,
    36,
    40,
    44,
    48,
    52,
    56,
    60,
    64,
    68,
    72,
    76,
    80,
    84,
    88,
    92,
    96,
    100,
    104,
    108,
    112,
    116,
    120
  ],
  "accuracies": [
    0.105625,
    0.10875,
    0.175625,
    0.121875,
    0.16375,
    0.175625,
    0.2025,
    0.16625,
    0.228125,
    0.199375,
    0.2925,
    0.268125,
    0.301875,
    0.279375,
    0.289375,
    0.301875,
    0.343125,
    0.324375,
    0.36375,
    0.323125,
    0.4175,
    0.425,
    0.4225,
    0.441875,
    0.46625,
    0.484375,
    0.5075,
    0.510625,
    0.475625,
    0.446875
  ],
  "wall_clock_durations": [
    20.760270357131958,
    20.21068286895752,
    31.685916662216187,
    5.351460933685303,
    20.923234224319458,
    5.268860101699829,
    29.28388023376465,
    19.205008029937744,
    5.292806625366211,
    4.994069337844849,
    20.930131912231445,
    21.254419326782227,
    31.436917066574097,
    5.833400249481201,
    21.561917781829834,
    5.541386365890503,
    33.74945640563965,
    24.088478565216064,
    9.742501735687256,
    7.523833513259888,
    25.30837893486023,
    23.125208854675293,
    34.953901529312134,
    6.39702033996582,
    24.176451206207275,
    11.137964963912964,
    35.78966927528381,
    23.26606011390686,
    8.884184837341309
  ]
}