{
  "times": [
    4,
    8,
    12,
    16,
    20,
    24,
    28,
    32,
    36,
    40,
    44,
    48,
    52,
    56,
    60,
    64,
    68,
    72,
    76,
    80,
    84,
    88,
    92,
    96,
    100,
    104,
    108,
    112,
    116,
    120
  ],
  "accuracies": [
    0.1085,
    0.1225,
    0.1,
    0.1,
    0.1,
    0.1,
    0.131,
    0.1,
    0.105,
    0.1,
    0.117,
    0.144,
    0.1845,
    0.21,
    0.182,
    0.1535,
    0.2255,
    0.1755,
    0.2365,
    0.1775,
    0.23,
    0.227,
    0.213,
    0.184,
    0.2145,
    0.1855,
    0.2245,
    0.1805,
    0.1955,
    0.192
  ],
  "wall_clock_durations": [
    1.4481258392333984,
    7.2913031578063965,
    5.986239671707153,
    18.27399730682373,
    1.0169925689697266,
    0.9780368804931641,
    0.9147796630859375,
    0.948371410369873,
    6.215127229690552,
    1.2639822959899902,
    0.9835109710693359,
    6.069073677062988,
    6.076574802398682,
    20.973657608032227,
    1.031484603881836,
    1.0264263153076172,
    0.8805851936340332,
    0.8957765102386475,
    5.673194646835327,
    0.9471373558044434,
    0.9717464447021484,
    5.846834659576416,
    6.26596999168396,
    20.10635280609131,
    1.0461935997009277,
    1.0187597274780273,
    0.9022927284240723,
    0.8894379138946533,
    5.9050939083099365
  ]
}