{
  "times": [
    4,
    8,
    12,
    16,
    20,
    24,
    28,
    32,
    36,
    40,
    44,
    48,
    52,
    56,
    60,
    64,
    68,
    72,
    76,
    80,
    84,
    88,
    92,
    96,
    100,
    104,
    108,
    112,
    116,
    120
  ],
  "accuracies": [
    0.2085,
    0.0975,
    0.178,
    0.1895,
    0.178,
    0.2305,
    0.268,
    0.353,
    0.3775,
    0.441,
    0.469,
    0.4995,
    0.4955,
    0.5345,
    0.525,
    0.5335,
    0.56,
    0.595,
    0.541,
    0.5565,
    0.553,
    0.515,
    0.545,
    0.5475,
    0.5415,
    0.5565,
    0.5665,
    0.585,
    0.5655,
    0.584
  ],
  "wall_clock_durations": [
    46.33340620994568,
    47.450305223464966,
    47.38601493835449,
    49.126123905181885,
    51.205713987350464,
    51.96031618118286,
    53.40169072151184,
    52.646350383758545,
    50.163246393203735,
    56.78829550743103,
    52.66912627220154,
    58.64306330680847,
    56.50215125083923,
    54.82057476043701,
    53.43403458595276,
    54.91836619377136,
    53.83101224899292,
    55.17837738990784,
    53.46246290206909,
    54.75501585006714,
    52.9510862827301,
    51.237671852111816,
    51.06481170654297,
    50.28818988800049,
    51.12973880767822,
    51.15084648132324,
    52.16541910171509,
    50.97561264038086,
    55.99435544013977
  ]
}