{
  "times": [
    4,
    8,
    12,
    16,
    20,
    24,
    28,
    32,
    36,
    40,
    44,
    48,
    52,
    56,
    60,
    64,
    68,
    72,
    76,
    80,
    84,
    88,
    92,
    96,
    100,
    104,
    108,
    112,
    116,
    120
  ],
  "accuracies": [
    0.331,
    0.2735,
    0.2055,
    0.2065,
    0.2165,
    0.2385,
    0.307,
    0.3275,
    0.278,
    0.289,
    0.378,
    0.4015,
    0.3575,
    0.379,
    0.366,
    0.3565,
    0.3495,
    0.4155,
    0.3715,
    0.4015,
    0.4945,
    0.4725,
    0.4275,
    0.4795,
    0.4575,
    0.4995,
    0.5355,
    0.532,
    0.478,
    0.4825
  ],
  "wall_clock_durations": [
    24.154930591583252,
    24.06356167793274,
    22.4093816280365,
    24.08314824104309,
    33.77260231971741,
    31.79420781135559,
    31.759824991226196,
    22.960841417312622,
    21.717541456222534,
    29.709187507629395,
    20.700223684310913,
    21.676453590393066,
    21.09265685081482,
    21.023181438446045,
    32.31652283668518,
    29.498969316482544,
    29.91364312171936,
    21.090880870819092,
    20.724811553955078,
    29.796757698059082,
    20.5631685256958,
    21.35207438468933,
    20.85492968559265,
    22.033750295639038,
    33.14746141433716,
    30.16233253479004,
    32.876981258392334,
    23.520285606384277,
    21.40547490119934
  ]
}